id,y
1,79.16454
2,93.760345
3,79.52303
4,79.13792
5,113.08329
8,92.61125
10,109.86066
11,94.12842
12,117.18034
14,90.71534
15,117.180466
16,107.499435
17,95.18294
19,96.29491
20,103.94512
21,103.40799
22,117.16554
23,107.59113
26,93.295685
28,104.56491
29,107.59113
33,107.59113
35,94.61508
41,94.52627
42,93.29356
43,117.1818
45,105.651024
46,104.3521
51,94.49562
53,79.16553
55,115.49148
56,94.53697
57,105.61747
58,93.79245
59,105.12748
63,111.26762
64,93.68276
65,103.161835
69,90.65104
71,94.36786
72,105.73376
73,94.21857
76,104.64874
77,110.71853
78,116.872314
82,94.459274
83,103.161835
84,94.447975
85,104.794
87,111.932045
88,94.52627
89,113.30339
91,95.02828
93,96.35187
94,109.799805
95,93.27903
96,109.791695
97,94.59042
98,111.16165
99,95.13967
101,105.40759
103,113.30339
104,94.1294
105,111.70926
110,93.280624
111,109.270256
113,113.165726
114,93.30014
115,111.5029
117,113.30339
120,95.09183
121,111.47711
122,94.784294
123,114.18806
126,114.54249
132,115.33466
135,104.783165
137,103.92407
138,95.13765
140,94.43991
142,114.53376
144,114.46938
148,92.67815
149,117.192764
155,94.541824
156,112.199295
157,94.59042
162,114.34738
163,94.50854
167,93.43841
172,117.1818
179,112.50681
180,92.5528
181,110.855415
182,100.401535
183,113.30339
185,113.30339
187,110.72099
188,94.3532
189,94.418945
191,94.37695
192,112.96937
193,96.02908
194,111.42107
195,94.27821
196,113.72631
198,94.441315
199,113.71424
201,103.19355
204,94.11503
205,109.04055
206,90.99088
210,95.034904
211,105.40759
216,115.0834
219,117.188835
220,94.259224
221,110.84513
226,110.855415
227,95.296135
228,111.497925
230,111.02036
231,94.59042
235,117.180916
236,92.56643
238,111.39616
242,106.45566
243,94.52406
244,79.13656
245,111.06333
247,115.17152
248,92.66871
249,93.27949
250,115.01115
251,92.56643
253,117.180916
254,94.0555
256,93.32228
257,92.604744
258,115.54705
259,95.572655
262,79.13853
266,91.625015
267,114.2324
272,102.8896
273,113.30339
275,101.84398
276,116.45899
279,94.35392
280,103.161835
283,94.20408
285,114.72453
288,113.30339
289,101.26543
290,104.98295
291,94.574745
292,110.959755
293,110.85098
296,94.63621
297,111.11963
298,116.775566
299,94.14532
304,91.99028
305,79.14149
306,91.97543
307,110.797745
311,111.92506
313,111.16456
314,92.41838
316,94.569984
324,93.25632
327,96.54093
329,93.737785
330,111.03818
337,102.26679
338,93.23399
339,102.63491
340,93.321335
343,93.151054
345,117.190414
346,104.22898
347,113.13176
349,111.69163
350,93.266914
352,111.42495
353,92.56203
354,79.13728
357,93.2739
358,116.63167
362,114.71178
364,112.985535
365,105.69099
366,91.21728
367,113.11818
368,95.02718
370,79.137146
373,91.86937
377,93.5306
378,110.07324
382,103.92458
384,110.96183
390,93.27289
392,113.45945
393,109.40025
395,92.946205
396,107.74212
399,79.13658
406,111.16456
408,111.16456
409,94.33215
410,79.13616
412,114.40298
413,92.6516
419,93.276665
420,112.49775
421,92.57521
430,93.78265
434,92.84798
436,94.41552
437,94.117004
438,92.88301
439,110.88723
440,93.403305
443,111.92646
446,93.00105
448,93.276764
452,93.27374
453,105.49017
457,102.595795
458,93.290115
459,117.172905
460,102.66394
462,104.01109
464,102.12125
465,117.183266
467,114.3553
471,109.5804
472,79.13617
473,94.21691
475,92.91254
480,94.61583
488,114.188576
490,110.797745
491,104.28071
492,79.13909
493,93.274345
497,94.34849
498,114.28413
499,94.4514
500,104.66253
501,93.32228
502,112.93755
506,79.14993
510,108.25099
511,91.51862
512,93.1275
516,93.27068
518,92.308
519,111.27613
521,93.269295
522,112.99789
526,114.15342
529,93.27037
532,112.16956
533,93.280624
536,111.77079
537,96.1136
539,93.941345
540,103.670074
541,92.96319
543,94.38446
546,111.86535
547,92.50416
548,79.13773
551,93.237465
552,104.75566
556,102.6227
557,93.2743
558,113.11818
559,93.959015
560,107.140945
562,108.846245
566,92.54432
570,114.28413
571,94.117004
572,102.95937
573,94.15956
575,117.183266
576,113.00011
577,93.47334
579,92.267654
580,110.85574
581,115.11496
589,110.797745
591,102.591606
593,94.08821
594,114.62471
595,95.18161
598,93.21545
602,111.89675
604,114.38975
606,109.35979
608,90.67989
609,105.19838
610,94.12762
616,111.0189
617,93.27709
618,104.03643
620,105.43412
622,110.62629
623,92.85898
624,117.21494
626,112.85518
628,114.71232
629,94.05057
630,110.800354
637,96.59329
638,104.36277
643,101.826385
645,94.61583
646,115.264145
648,94.49017
652,92.56595
653,93.15816
654,114.28413
656,111.92764
657,101.37703
659,93.34361
660,103.13705
663,91.60573
664,114.89642
666,103.722496
668,110.82229
669,93.27378
671,93.3211
675,93.270164
677,92.543816
678,110.61119
679,106.64307
682,91.81303
685,104.67514
687,92.54059
688,92.82457
693,109.58708
696,95.318855
698,93.10028
701,100.4551
704,105.99087
705,117.18314
709,113.84861
710,92.95479
711,104.72969
712,94.6514
714,109.51521
715,94.718414
716,110.8715
717,93.22183
720,117.18761
721,94.36485
724,102.50101
725,93.83027
726,114.624725
728,110.09602
731,94.73119
734,105.523544
738,95.762245
745,111.01228
746,92.04089
751,79.13733
754,92.62062
756,96.63052
758,93.66914
759,112.81482
761,117.15524
766,93.28284
767,115.048744
768,92.9075
769,115.9564
770,94.46118
771,79.142746
772,109.78113
773,93.26534
774,113.23815
776,111.53352
777,93.06291
780,117.17222
782,103.99369
787,103.7885
788,94.20986
792,92.820145
793,114.64923
798,95.31283
800,93.89343
806,110.8715
809,110.911575
811,112.33626
812,93.12315
814,117.17962
816,103.0309
817,94.22815
818,117.21313
820,111.60445
823,93.4085
829,92.5486
830,115.00049
831,92.58715
834,111.010796
839,93.277885
841,79.137535
844,105.80573
845,94.34947
848,92.360275
850,93.27554
851,103.26962
852,93.788414
854,93.339294
855,93.280495
856,105.45241
859,102.65024
861,113.23815
864,93.27407
865,113.88935
866,93.38924
867,92.549576
869,93.42457
871,94.39781
872,110.8715
882,104.5228
883,93.21079
885,94.25572
888,97.14832
893,110.88723
901,110.86028
903,104.81602
904,94.355415
905,107.33228
910,95.24396
911,110.94034
914,112.87269
918,117.15113
921,92.66784
928,93.28039
929,107.61351
932,92.694664
933,107.0801
934,95.24396
935,111.782524
937,79.13697
939,94.23171
940,102.17524
941,93.276306
942,103.99038
943,94.06778
944,104.791534
947,110.8715
949,111.295235
951,111.16804
952,94.512634
953,104.81602
954,79.1375
957,111.03985
959,93.913605
960,111.78019
963,117.17962
965,110.8715
967,104.55235
971,93.2809
972,79.136955
973,93.60523
974,113.07481
975,93.27626
978,117.19023
980,115.2243
981,94.38072
984,114.326065
986,95.24396
988,92.9075
989,110.85876
990,104.91406
992,110.86028
996,94.36786
999,115.620415
1000,90.81641
1001,113.88935
1002,92.83113
1003,111.53352
1004,92.783104
1008,110.90961
1009,93.50329
1010,114.84037
1012,112.68053
1013,93.18082
1014,111.26224
1015,94.733284
1016,117.18988
1019,94.49794
1020,110.99942
1021,95.24396
1022,107.241646
1024,95.24396
1025,79.13729
1027,92.53258
1028,107.61995
1029,93.33544
1030,91.25422
1033,113.72833
1036,91.57961
1037,111.21894
1038,94.176216
1042,94.23171
1043,104.4357
1044,92.65199
1045,111.77482
1047,117.195366
1050,94.28978
1051,110.84995
1054,93.2992
1056,94.38072
1057,93.22789
1059,93.278656
1062,93.78063
1063,110.656906
1064,94.38072
1066,93.26924
1070,103.587494
1076,112.648155
1077,103.69407
1078,112.07751
1080,114.50917
1082,112.18326
1083,94.97201
1089,112.39027
1091,98.27481
1093,94.60228
1097,93.354935
1099,93.27725
1101,94.78353
1103,93.280785
1104,112.75288
1106,110.030785
1109,94.5741
1110,110.95191
1111,93.8597
1112,112.85667
1114,94.49049
1116,94.10332
1117,110.61287
1120,99.469025
1124,113.297455
1125,93.2713
1126,111.197586
1134,110.90369
1137,93.27428
1138,111.26541
1144,110.88621
1145,96.237724
1146,93.95169
1148,93.75079
1150,97.59931
1152,106.13977
1153,91.56684
1154,107.33543
1155,94.37354
1157,94.969986
1162,94.473366
1165,112.19496
1166,99.72118
1167,103.63296
1168,94.67514
1169,102.65253
1171,117.172066
1172,93.29372
1173,102.65253
1174,93.28194
1176,93.31152
1177,105.26768
1178,93.27693
1182,112.444016
1186,94.61109
1187,116.68886
1188,93.295006
1189,117.16631
1191,107.03817
1192,94.784225
1197,114.49686
1198,93.41424
1200,79.13845
1201,93.28188
1203,93.791214
1209,117.17744
1214,108.95612
1218,112.08873
1222,93.340256
1226,97.785934
1228,93.297195
1230,93.256294
1232,79.139336
1233,117.1837
1236,117.13409
1238,94.40029
1241,110.88621
1244,108.144875
1246,93.33957
1247,114.891136
1250,114.20818
1251,93.41278
1254,117.2044
1255,94.512794
1256,110.648224
1257,94.37427
1258,86.281235
1259,110.899994
1260,94.77598
1263,110.83916
1267,79.139336
1268,110.81045
1271,95.067474
1272,110.853386
1274,105.63289
1275,94.473366
1276,110.795616
1277,93.21411
1279,93.95169
1281,97.27819
1282,93.295006
1283,110.123535
1285,115.6596
1286,93.27582
1289,112.25775
1296,115.287224
1299,97.67417
1301,94.23495
1306,92.593475
1307,93.28066
1308,93.929085
1313,110.795616
1314,96.22737
1315,110.95191
1316,94.32842
1317,111.12025
1319,93.852776
1323,94.476746
1324,105.78018
1325,94.062164
1328,102.70409
1329,94.46192
1330,113.32778
1331,99.95033
1332,106.58366
1337,94.01819
1338,110.70725
1339,93.2779
1340,114.83137
1343,117.173676
1347,106.891
1348,93.27452
1349,108.95115
1352,93.78773
1354,93.30238
1359,112.02569
1360,94.783516
1363,111.20243
1364,95.845375
1365,107.25542
1366,92.33422
1372,95.09088
1375,105.98159
1376,94.10185
1378,93.25242
1379,113.1947
1380,95.43633
1381,102.69239
1384,110.82667
1387,100.24309
1388,111.13291
1392,79.13639
1394,100.856026
1395,93.48728
1396,111.34652
1398,93.17964
1399,111.34652
1400,93.31352
1401,94.33244
1403,94.308014
1404,110.91779
1406,111.34652
1407,94.525505
1408,110.87946
1410,79.138535
1412,110.86632
1413,94.311066
1415,95.12538
1420,110.87946
1422,111.359535
1423,107.199486
1424,110.87946
1425,96.01281
1426,79.138535
1427,93.349976
1429,92.49643
1430,112.60703
1431,93.287766
1432,106.01054
1434,115.59215
1437,94.45107
1438,106.37153
1440,115.130936
1441,114.92446
1442,93.27482
1444,111.245804
1445,101.22362
1446,105.34461
1448,94.03054
1453,94.54004
1454,110.86632
1455,94.57481
1456,112.99335
1458,110.86632
1459,93.98173
1461,93.48058
1465,100.24309
1466,110.45741
1469,94.61491
1472,94.54004
1474,93.37346
1477,113.471214
1479,110.55809
1482,87.45458
1483,79.13669
1487,92.595505
1488,113.87615
1490,111.69315
1492,112.038315
1494,117.187096
1496,105.18585
1497,93.32208
1499,93.28187
1502,94.3934
1507,114.02521
1508,93.78773
1509,110.83115
1511,93.34979
1512,108.63321
1513,116.87081
1514,102.58296
1518,111.6572
1519,92.63412
1522,112.83514
1524,79.13818
1527,93.27482
1529,94.426926
1532,104.58347
1536,114.72087
1537,117.18488
1539,108.204
1542,115.13998
1543,94.10185
1544,105.1129
1545,79.864365
1550,94.223145
1551,108.02312
1554,107.85838
1556,106.48658
1559,94.31676
1560,79.13668
1562,94.46462
1566,92.595825
1567,111.51444
1569,105.13627
1570,111.08835
1571,113.44744
1574,93.78773
1578,104.46383
1580,93.69372
1583,114.594604
1584,93.78773
1585,111.301735
1586,96.12442
1587,111.68705
1588,93.226135
1590,116.3582
1592,102.60328
1596,113.8565
1598,110.828125
1599,94.460594
1604,115.72938
1606,102.52354
1607,94.311066
1608,103.48483
1609,117.17743
1611,94.05288
1613,94.42208
1616,93.274796
1619,113.84908
1620,93.63277
1621,110.78417
1622,93.35273
1625,110.82616
1627,117.17743
1629,111.045746
1634,92.627205
1636,93.26944
1638,104.77336
1639,93.31466
1641,93.43656
1643,92.789444
1644,103.50882
1645,117.174675
1646,94.472626
1647,107.78843
1648,94.29893
1652,93.69372
1653,114.68544
1656,115.859146
1658,94.460594
1659,111.809525
1661,94.46625
1663,94.311066
1664,113.18243
1665,94.437584
1666,106.48658
1667,102.52379
1668,79.14839
1669,105.97916
1670,94.634346
1672,113.7498
1674,112.142525
1677,113.87615
1678,94.24377
1679,111.41276
1680,93.49688
1683,107.82492
1686,107.05016
1687,112.182236
1689,113.49342
1690,93.836266
1691,117.19167
1692,115.15116
1693,93.78773
1695,94.55479
1696,94.54004
1697,111.06899
1700,106.48658
1701,92.91128
1702,110.94169
1703,93.26457
1704,110.93423
1706,93.27686
1707,114.60423
1708,94.36851
1710,93.29398
1711,106.845085
1713,104.35569
1717,103.83389
1719,104.46383
1720,94.42717
1722,93.886185
1725,103.10916
1726,93.842735
1727,106.241005
1729,114.08165
1730,93.27751
1731,110.91719
1733,106.48658
1734,94.6296
1735,111.359535
1738,94.42208
1742,94.20632
1745,112.142525
1747,93.415886
1749,94.62567
1751,94.45297
1752,79.13811
1753,105.656685
1754,94.478645
1755,94.29931
1756,104.07192
1758,111.652336
1759,94.46324
1760,107.02739
1761,114.955505
1762,94.00178
1763,110.849754
1764,93.25507
1766,94.60537
1768,93.30026
1769,79.138466
1771,115.66344
1772,93.27282
1773,111.8733
1774,94.16425
1775,115.08637
1777,116.19976
1779,94.46324
1780,106.25003
1787,93.89061
1788,93.26833
1790,94.48474
1796,113.98757
1801,92.58234
1803,95.527145
1807,112.981575
1809,114.034294
1812,93.65763
1813,111.36092
1814,104.25534
1815,117.192986
1816,99.69415
1818,93.5051
1820,93.59935
1821,117.19829
1822,94.46994
1825,93.029686
1826,108.53892
1828,94.43027
1831,105.27412
1836,113.41484
1837,93.27446
1841,93.410095
1844,104.859474
1848,93.269905
1851,109.49327
1852,97.24886
1853,93.25734
1854,115.244415
1856,93.290474
1859,113.90059
1860,94.22293
1861,79.156815
1863,110.39342
1865,93.27755
1866,106.50594
1867,92.737946
1868,93.41913
1872,93.2866
1879,95.02829
1880,109.570724
1882,93.27708
1885,109.22446
1887,111.34774
1888,90.73804
1890,116.322495
1894,94.59727
1895,102.95072
1896,94.42257
1897,111.2214
1900,112.42168
1901,94.393196
1902,114.59944
1905,92.59894
1906,110.1255
1912,104.88958
1915,93.89182
1916,102.91061
1917,94.2745
1918,107.57378
1920,79.13848
1923,92.582436
1924,110.54635
1925,94.31679
1930,117.16264
1932,113.2108
1933,92.551186
1934,111.65017
1935,94.34734
1940,79.14062
1941,92.66984
1942,113.601616
1943,94.98098
1944,93.17818
1945,109.50565
1948,117.16839
1949,93.17835
1952,94.98283
1954,94.21191
1955,111.11803
1958,93.54479
1959,79.137375
1960,110.849754
1963,94.46961
1965,93.27583
1968,109.18341
1969,96.385765
1971,94.61905
1972,111.129456
1973,92.58825
1975,92.86407
1977,93.27292
1978,96.51753
1979,115.0149
1981,93.33439
1982,110.99695
1987,116.271935
1988,92.60683
1993,109.42287
1997,93.26975
1999,94.32538
2001,94.39452
2002,117.185905
2003,92.2306
2004,79.13926
2006,113.42414
2007,90.658356
2009,107.077736
2010,92.753555
2013,95.08526
2018,79.13985
2022,106.19417
2024,115.29292
2025,94.77129
2026,106.0661
2030,106.74884
2031,94.36155
2032,104.88958
2033,94.45362
2035,94.352234
2036,114.211266
2037,94.2555
2040,94.39799
2043,117.214676
2044,107.387024
2046,102.53385
2054,111.940155
2055,94.38104
2056,106.25003
2059,90.96322
2060,94.393196
2062,93.87998
2063,114.24634
2066,94.59727
2067,111.889244
2072,117.10686
2073,113.363
2074,92.565285
2075,115.57215
2076,94.29091
2080,93.30338
2082,94.393196
2085,116.58534
2087,111.51301
2091,111.19441
2092,92.64526
2093,106.25003
2098,95.24855
2101,110.849754
2102,93.62627
2103,79.14062
2105,106.756454
2106,94.28486
2107,117.19935
2110,93.27709
2114,95.15091
2115,113.74876
2117,79.16733
2118,92.64969
2119,104.74174
2120,94.38618
2122,99.14412
2123,113.49274
2126,94.79065
2127,110.34293
2128,93.35966
2129,111.19415
2132,103.69761
2135,105.75838
2138,94.160324
2139,117.16264
2141,115.0556
2142,93.2751
2146,96.042694
2151,116.62039
2157,103.33642
2159,108.59076
2162,93.38582
2164,117.1517
2167,92.53418
2168,110.5436
2171,94.21612
2173,94.65843
2174,104.32082
2175,93.27514
2178,92.866936
2180,94.351425
2185,112.01434
2189,90.71679
2190,111.56604
2192,102.46588
2194,117.172966
2200,113.45596
2201,92.142395
2203,111.60372
2204,91.658936
2205,110.88156
2209,116.88532
2213,103.98265
2214,93.18742
2215,114.44759
2216,91.49114
2218,92.6637
2219,108.48588
2220,94.478
2222,93.30298
2223,111.3879
2225,112.214134
2226,93.30149
2230,93.97861
2233,113.71553
2234,110.587204
2235,91.658936
2236,79.14052
2237,93.27383
2240,117.19907
2241,94.37586
2248,105.725044
2249,92.21493
2250,114.917564
2252,111.54585
2253,98.77689
2254,111.146576
2256,79.13654
2258,93.28269
2259,116.90687
2262,94.45173
2265,93.93172
2266,103.73181
2269,92.57982
2271,93.27509
2273,94.06206
2274,110.20072
2275,92.44655
2277,94.33216
2279,91.658936
2280,79.13785
2282,94.351425
2283,102.47853
2288,92.59512
2289,117.203384
2291,94.32157
2292,117.148186
2297,95.08457
2298,107.659515
2299,93.78389
2300,113.38222
2301,92.79241
2304,93.91704
2305,105.23009
2306,94.45173
2308,94.42687
2309,113.55791
2311,90.63585
2312,104.383675
2316,104.552376
2321,105.35746
2322,111.25264
2325,104.500275
2326,93.30316
2329,117.148186
2330,94.007645
2331,102.65891
2332,112.84281
2333,94.45173
2334,102.50279
2335,110.3994
2337,111.59987
2338,93.699486
2340,112.84281
2342,98.00338
2345,93.77675
2349,94.205124
2351,79.13634
2352,93.90378
2354,110.80817
2355,114.29237
2357,112.214134
2358,92.78074
2360,94.06773
2361,110.80817
2364,93.27472
2366,95.67148
2369,102.83129
2370,94.19829
2371,112.16529
2373,114.79988
2374,92.525024
2376,111.53428
2378,114.54852
2382,93.276886
2383,92.58877
2386,102.66087
2387,93.28714
2389,106.21517
2390,116.1075
2392,90.66822
2398,112.84281
2399,94.152336
2400,114.1867
2401,108.70289
2402,93.29638
2404,94.66925
2407,111.721306
2408,110.43274
2409,117.20395
2412,79.140045
2413,93.300095
2415,93.27444
2420,110.72718
2422,95.42538
2423,102.734604
2426,94.11899
2432,94.570435
2434,92.51957
2435,117.21299
2436,111.117615
2438,110.87337
2440,112.01331
2443,92.512344
2444,92.20014
2447,105.725044
2450,94.13054
2454,97.0711
2455,114.37897
2459,94.45173
2460,107.58602
2463,95.0263
2465,97.198654
2468,79.13785
2469,91.74865
2474,93.27229
2478,93.28095
2480,93.766205
2481,117.19907
2489,94.351425
2490,104.32235
2492,94.19577
2496,94.45173
2497,117.15133
2500,93.7155
2505,94.26235
2507,93.046364
2508,110.88156
2509,93.27582
2510,79.13731
2513,92.75416
2515,94.351425
2518,92.58877
2519,107.156815
2520,92.58877
2521,110.28842
2523,110.3456
2525,94.458405
2529,110.85565
2530,92.51584
2533,114.41856
2535,91.49369
2538,102.94242
2544,115.18171
2553,111.08749
2556,93.24718
2558,94.4557
2559,117.18998
2560,94.38338
2561,111.37423
2562,92.404305
2563,112.32449
2564,92.65199
2565,111.58581
2567,105.4874
2572,94.18246
2575,94.484
2576,111.08818
2577,93.28555
2578,94.428246
2579,114.39888
2580,95.01008
2582,115.20137
2583,94.82081
2587,93.26569
2589,112.1026
2590,95.33432
2591,110.85565
2594,98.94797
2597,95.71754
2598,103.87212
2599,93.31135
2600,101.46684
2602,116.60123
2603,94.18246
2604,102.554405
2606,111.78498
2607,79.13707
2608,111.70003
2613,110.81105
2614,105.26798
2615,111.10263
2617,113.46936
2620,99.17959
2623,114.116234
2624,97.22053
2627,110.81105
2629,79.13707
2630,97.20176
2632,93.982414
2636,94.2269
2639,99.784225
2640,107.993
2642,110.85565
2644,105.42199
2646,110.09336
2647,94.53305
2649,93.293175
2650,111.01903
2652,105.568756
2653,101.63054
2655,110.96396
2657,111.21335
2659,110.84429
2662,93.980675
2663,117.136505
2664,93.637856
2665,102.755516
2670,93.22953
2671,104.50949
2672,93.27684
2675,105.568756
2677,111.19512
2679,115.51648
2683,112.65366
2684,96.460785
2685,94.45736
2688,106.406975
2689,94.26652
2690,103.40139
2693,93.32146
2694,111.526985
2697,94.445335
2699,93.729485
2703,94.40806
2705,102.76204
2709,79.16298
2710,92.510414
2711,110.696815
2712,93.22742
2713,95.73006
2714,113.9955
2715,92.302315
2717,92.68957
2718,117.20525
2720,110.8701
2721,93.29217
2726,92.64013
2728,94.33124
2731,102.9308
2732,110.65667
2734,93.12354
2736,103.3491
2737,92.10509
2738,102.867325
2739,112.98033
2746,92.939865
2749,102.492386
2751,117.193245
2752,103.778435
2753,93.23778
2757,106.120865
2758,94.345215
2759,112.71032
2760,102.73566
2762,110.22945
2764,94.348785
2765,117.19201
2769,114.74381
2771,110.95942
2774,94.67013
2776,94.13337
2777,113.830536
2778,94.33868
2779,114.27443
2782,91.75942
2784,94.71146
2787,95.60501
2789,91.04583
2792,94.23201
2798,96.94639
2799,102.37919
2800,93.25172
2801,79.13763
2802,93.715775
2804,93.27672
2807,106.05217
2808,95.26245
2809,111.91525
2811,116.96875
2812,93.28691
2814,93.28773
2816,94.26027
2817,114.730606
2818,110.10047
2820,110.203606
2821,79.18257
2822,92.670784
2823,105.31509
2824,93.29175
2826,90.93358
2829,94.520905
2834,93.69299
2835,79.137695
2838,93.53637
2839,109.29853
2840,91.9228
2841,110.75213
2842,94.48084
2846,116.77469
2848,94.31235
2849,92.9411
2850,113.9955
2851,94.42137
2853,93.51821
2854,110.85565
2858,117.05049
2861,94.32137
2864,94.28901
2865,117.136505
2866,112.66635
2867,93.709335
2868,111.15819
2870,110.898476
2877,97.11453
2878,110.81105
2880,110.799446
2882,79.1367
2883,93.41103
2884,103.90199
2885,97.27467
2887,94.41253
2888,112.14413
2889,96.506714
2890,104.81047
2891,90.64569
2892,117.201
2893,95.58938
2898,115.10781
2899,94.3172
2900,115.034035
2901,96.48423
2909,94.53694
2910,110.99566
2911,108.8185
2913,111.68556
2914,102.70333
2918,93.31537
2919,112.39323
2920,93.27224
2921,110.81105
2922,97.02269
2923,102.428444
2925,112.831566
2926,94.18419
2927,111.0987
2929,110.78977
2933,94.61161
2934,114.59332
2936,112.21424
2941,102.262024
2942,92.54411
2943,110.763374
2945,104.064
2950,93.034096
2951,112.74533
2953,115.13035
2954,94.37055
2955,102.71157
2956,93.28451
2960,93.28692
2962,96.63977
2963,108.48852
2964,105.6244
2966,79.1375
2967,94.34745
2968,110.26638
2969,92.721306
2971,93.78078
2972,95.0395
2974,94.96402
2975,112.286316
2977,117.17302
2980,113.884125
2981,93.269745
2983,94.42238
2984,101.4922
2985,117.1469
2986,102.57513
2987,95.0395
2989,93.39755
2990,110.94507
2991,93.27314
2992,79.13748
2995,94.44908
2996,102.54775
3002,113.9866
3004,114.83917
3005,117.1369
3006,95.00413
3010,93.36834
3011,107.04463
3014,93.76303
3015,94.71296
3016,94.42367
3017,112.24273
3018,93.88815
3021,102.77166
3024,104.915955
3028,92.58842
3030,94.2071
3032,93.27616
3039,94.33014
3040,108.609634
3041,100.78447
3043,93.99645
3044,114.63778
3046,111.96416
3055,92.68198
3056,114.70932
3058,92.98757
3059,111.85949
3061,117.1677
3063,110.28562
3066,92.33433
3067,104.915955
3068,79.1388
3069,93.27886
3072,116.74174
3073,112.34626
3074,92.058334
3077,92.5816
3082,94.13057
3084,94.44908
3085,114.922966
3088,105.765305
3091,93.407555
3092,115.24775
3093,93.18226
3094,102.59791
3096,110.579865
3097,92.7539
3098,79.136566
3102,116.70401
3106,93.27329
3109,96.08802
3111,92.48333
3112,117.1369
3113,93.2897
3115,115.97552
3116,114.00652
3117,96.508064
3121,115.59004
3122,96.02689
3123,93.86062
3124,103.07334
3125,94.42367
3126,102.48393
3127,117.1786
3129,92.59136
3130,111.55438
3132,107.62863
3134,108.05243
3135,96.26759
3137,79.135155
3138,101.68636
3140,90.71859
3144,112.15829
3145,92.694336
3146,112.804695
3147,93.28635
3148,104.57746
3149,105.04422
3150,113.96761
3151,96.12604
3152,92.97172
3155,106.95902
3156,112.80447
3159,92.64406
3161,94.32092
3162,110.34405
3163,93.27324
3165,102.593
3172,97.58823
3173,116.04529
3176,98.452446
3177,104.61359
3179,112.286316
3183,93.798065
3186,94.50645
3187,102.820885
3189,111.21076
3190,93.793365
3192,117.1786
3193,97.58823
3194,113.63412
3197,94.46115
3198,93.27695
3200,93.28346
3201,116.92501
3202,93.27695
3204,94.289825
3205,92.92543
3206,117.11056
3208,104.80013
3210,103.42005
3211,90.67255
3212,117.1677
3213,93.270065
3214,110.78133
3216,105.499016
3219,94.39819
3220,112.004196
3221,93.2897
3226,110.3912
3227,94.39037
3228,111.893585
3229,95.22906
3232,79.138214
3233,94.421936
3234,93.273125
3236,92.77144
3238,110.94979
3239,109.75532
3240,92.46471
3247,110.860985
3249,103.343735
3252,111.969055
3253,94.050255
3254,104.12558
3255,94.47527
3256,109.54064
3257,94.31358
3262,94.72855
3263,105.86692
3264,93.28451
3266,116.99742
3267,93.25792
3269,95.27761
3272,117.1469
3274,94.46115
3275,115.88522
3277,93.324326
3279,104.75095
3280,108.00191
3283,91.90233
3285,94.37161
3287,90.914024
3288,104.915955
3290,101.5447
3291,93.27332
3298,114.406075
3299,93.27504
3302,115.5264
3303,90.65593
3304,103.897736
3307,92.77596
3309,91.61646
3314,79.138466
3316,114.64799
3317,93.224205
3319,93.279625
3320,114.13989
3321,94.18579
3322,104.75165
3324,92.500404
3326,92.288826
3329,110.86787
3330,92.53878
3331,114.55571
3335,117.17984
3337,94.330475
3338,104.103485
3339,94.38362
3340,109.75812
3341,91.535995
3343,93.42287
3346,93.65565
3348,93.27365
3351,104.76254
3352,117.18548
3355,94.09907
3356,114.5989
3358,102.54805
3359,97.17484
3360,107.09806
3371,115.44232
3372,94.07583
3374,93.30045
3377,115.05368
3378,92.77044
3380,105.53135
3382,95.44426
3386,93.275475
3389,116.663216
3391,106.42895
3393,93.96798
3394,104.290306
3395,94.433754
3397,110.94478
3398,93.274956
3399,79.146614
3400,93.28901
3404,105.30948
3407,111.053696
3409,110.8417
3419,93.4341
3421,91.324646
3425,94.68977
3427,79.47519
3428,117.176605
3429,113.772224
3431,92.554855
3435,94.397896
3436,113.33686
3439,98.11902
3441,100.77691
3442,117.176605
3443,95.79208
3444,102.60012
3445,93.20087
3446,116.8359
3449,94.34567
3453,93.52175
3457,93.246544
3460,104.01299
3461,104.25387
3462,94.47631
3464,111.01
3465,79.138916
3466,93.3237
3467,106.398575
3468,95.87548
3469,105.30828
3470,102.57106
3472,111.08067
3473,96.15098
3475,93.271385
3476,113.09365
3478,108.30499
3479,104.87781
3483,93.26947
3484,103.34996
3485,94.25142
3487,93.277214
3488,110.98053
3496,111.35974
3497,93.75006
3499,93.29275
3500,79.14213
3501,94.60466
3504,93.2771
3508,103.62468
3511,94.07296
3512,114.18085
3515,93.46896
3517,93.966
3518,104.26023
3526,111.94511
3528,116.03197
3529,94.34243
3530,108.36395
3531,94.7769
3532,112.12762
3533,94.65586
3534,93.27427
3535,79.13651
3536,92.597244
3537,111.700264
3538,93.27088
3539,110.57957
3540,103.482765
3545,112.55072
3546,92.85021
3550,105.45631
3551,93.27531
3553,94.80432
3554,104.01299
3557,93.27502
3558,113.34741
3559,94.34567
3561,93.39619
3562,110.94478
3563,92.57463
3564,104.76254
3565,93.20087
3567,94.6269
3571,104.76254
3572,94.24406
3574,94.46497
3576,93.27303
3577,114.16423
3578,94.641075
3579,93.27304
3583,93.26679
3585,95.156456
3586,106.054146
3587,111.09924
3593,93.26285
3594,115.61866
3595,94.450645
3599,93.56878
3600,105.73864
3601,111.08067
3602,94.34567
3604,95.17359
3609,117.015335
3610,111.27846
3612,110.9565
3614,115.363625
3615,93.28178
3617,107.52241
3618,112.82128
3619,114.13304
3620,111.5865
3621,93.28084
3625,93.092636
3626,104.60462
3630,102.55355
3631,99.738655
3632,107.22037
3633,93.28185
3634,112.58986
3637,93.363785
3639,94.454735
3640,115.045456
3641,93.2813
3644,113.66217
3645,93.27322
3646,95.517876
3647,93.277145
3648,110.87616
3653,112.78752
3654,107.8875
3655,111.41377
3659,103.76278
3660,97.3609
3662,117.21062
3666,93.303566
3668,92.31839
3671,101.84297
3673,94.41549
3674,112.331276
3675,94.213394
3681,94.55507
3682,112.33888
3686,110.800705
3687,93.566956
3692,79.13739
3695,114.51059
3696,93.305
3699,114.528786
3705,117.11147
3707,79.138596
3708,94.46549
3709,115.0455
3710,93.27543
3712,90.77202
3715,111.94136
3716,93.274765
3720,111.898575
3722,79.138596
3726,93.27695
3728,94.04644
3729,115.2263
3731,104.384224
3735,115.19043
3736,95.114456
3739,102.570335
3741,111.20368
3743,102.395004
3744,94.4412
3745,112.59971
3746,93.88162
3751,91.212746
3753,93.27017
3760,110.594604
3761,94.390564
3762,111.76204
3763,94.32393
3765,94.311455
3768,114.72419
3769,93.275246
3770,103.97159
3773,112.69693
3774,93.277306
3776,94.38731
3778,91.60518
3779,110.52849
3780,92.81172
3781,111.47763
3782,93.480774
3783,111.04258
3784,91.6954
3786,93.27495
3789,106.57459
3790,94.35395
3793,113.052986
3795,110.56133
3797,94.40968
3798,117.16336
3800,112.27154
3804,93.28929
3810,92.263794
3815,113.35548
3816,93.28929
3818,109.369
3824,110.84131
3828,102.59592
3830,110.614784
3831,93.01834
3832,79.13658
3834,110.97138
3835,93.27105
3836,110.737144
3838,93.82388
3839,117.18203
3840,113.669
3845,94.3972
3846,110.86321
3847,93.1006
3849,79.136894
3853,109.10049
3855,102.792046
3856,93.94005
3864,79.136345
3865,93.27077
3866,110.88076
3867,93.10087
3868,112.27154
3869,93.290436
3871,93.48262
3875,103.408264
3876,94.47058
3878,93.26836
3879,110.50825
3881,112.27154
3883,110.73273
3884,93.39541
3886,110.37151
3890,91.9412
3893,109.062225
3897,102.61413
3901,93.86695
3902,110.712685
3913,117.045364
3914,93.27328
3916,93.07289
3917,110.52756
3924,104.72373
3925,95.78636
3928,93.273636
3929,112.934555
3932,91.43851
3933,104.56233
3934,79.13831
3935,93.3658
3936,94.271675
3937,110.91916
3938,93.2106
3939,110.738335
3943,93.255455
3944,110.86072
3945,110.86258
3946,94.776794
3947,110.62397
3948,94.65498
3949,110.83585
3950,93.22982
3951,113.02766
3952,94.29388
3953,110.61163
3961,117.125496
3962,94.174034
3966,93.27253
3967,104.37369
3968,96.73693
3969,114.46829
3970,93.20294
3971,103.27711
3973,90.50263
3974,110.946465
3975,114.58745
3977,114.97128
3979,109.094315
3985,95.088524
3986,108.029396
3988,110.983505
3991,91.120636
3992,104.63633
3993,93.44581
3994,96.4537
3995,110.31163
4005,110.0955
4007,93.27304
4008,102.91043
4009,92.53213
4010,111.58917
4011,79.13907
4012,93.27684
4013,106.5992
4015,111.51391
4016,110.53672
4018,112.51856
4025,94.08756
4026,113.01939
4028,114.18709
4029,93.285805
4031,99.78125
4032,110.30323
4033,91.297035
4034,107.71673
4037,93.2629
4038,104.46025
4039,94.38586
4041,93.98578
4042,110.84875
4043,94.45298
4044,104.56233
4045,93.28537
4046,111.72662
4047,95.30292
4048,102.60087
4049,97.14598
4051,94.02047
4052,110.896095
4058,103.42598
4062,110.830986
4064,109.61732
4067,93.273895
4068,79.13756
4070,92.9142
4072,117.09439
4074,114.749626
4075,93.26937
4076,113.36604
4077,92.538216
4078,112.58254
4080,104.56233
4082,111.16739
4085,92.78657
4086,114.19183
4088,113.01939
4089,93.27181
4092,79.13659
4094,93.933525
4095,110.8289
4096,93.22544
4097,102.80437
4102,93.281815
4105,110.44071
4107,114.46822
4111,93.593056
4112,103.71706
4113,93.276726
4114,117.161606
4115,90.70453
4116,111.3001
4117,94.40351
4118,93.347336
4119,110.78271
4120,99.26892
4122,79.14236
4125,93.257095
4126,113.41089
4129,111.00104
4134,110.50161
4137,93.27937
4141,102.56891
4142,94.36623
4144,94.01456
4145,104.72373
4146,99.04164
4150,93.27376
4151,79.13537
4154,93.273895
4156,97.19733
4157,113.227936
4159,110.53672
4160,95.33079
4161,109.94317
4168,94.185646
4171,104.6038
4172,109.804695
4173,93.279
4175,92.564026
4176,104.56233
4177,94.01456
4178,102.39855
4179,93.276436
4181,109.85884
4183,93.285805
4184,115.16916
4185,92.718216
4186,114.97424
4188,116.61588
4190,110.88519
4192,93.06651
4193,106.28164
4194,111.13568
4195,93.35897
4196,79.1366
4202,93.27804
4203,104.332146
4208,93.2748
4209,114.46459
4210,94.96826
4211,110.39829
4212,117.1686
4214,107.722046
4215,93.27773
4216,115.7935
4217,91.874855
4219,93.731415
4222,110.91916
4224,79.13839
4231,104.57924
4232,93.285805
4234,94.26394
4236,94.01456
4237,103.75362
4240,93.27245
4242,101.14752
4243,93.27699
4247,93.26669
4248,114.86495
4249,92.12868
4254,102.52673
4263,93.27659
4265,110.78493
4267,110.789856
4268,111.33463
4271,110.93602
4272,93.2751
4273,111.145676
4274,92.5635
4276,93.8814
4278,93.81042
4280,93.276024
4281,110.74654
4283,91.02542
4284,110.456795
4285,94.31159
4286,110.78675
4287,99.42364
4288,116.85419
4289,91.41541
4290,79.153885
4293,94.75299
4296,113.26214
4297,93.27333
4299,93.4098
4303,111.9812
4310,94.56687
4312,108.53171
4318,104.887505
4320,117.1859
4322,90.70576
4323,115.08117
4325,110.13163
4326,112.19401
4328,108.00122
4330,107.998535
4332,109.77846
4333,92.62899
4335,92.926506
4336,110.97092
4338,105.16168
4341,93.16796
4342,106.34923
4344,104.215004
4347,93.901146
4348,105.65749
4351,110.99984
4352,93.27802
4353,110.29868
4355,102.801636
4356,93.10988
4359,103.173485
4360,94.28745
4361,94.69773
4364,97.65418
4365,106.876076
4368,94.769424
4372,94.29
4374,92.24243
4376,93.27606
4377,104.00519
4380,94.36756
4383,108.42776
4384,94.05622
4385,103.236786
4389,90.77452
4391,93.27812
4392,110.74022
4393,93.39509
4395,93.56178
4396,111.01508
4398,112.73131
4399,107.76897
4401,92.65835
4406,93.27644
4408,109.96543
4412,105.65749
4415,91.81287
4418,117.146225
4419,92.24243
4420,79.13786
4422,111.25827
4423,92.24243
4425,92.593735
4428,111.4014
4431,116.80857
4434,93.06128
4436,93.36534
4437,109.61912
4439,117.16643
4440,93.27418
4441,114.76166
4444,96.448456
4445,109.949066
4446,93.27454
4447,116.19168
4452,108.63931
4456,112.624725
4457,92.65175
4458,111.01819
4460,93.10988
4461,117.17992
4462,96.10081
4465,102.560455
4466,102.940994
4468,93.2799
4469,109.54178
4472,111.07793
4475,99.44289
4478,92.53873
4479,115.07688
4480,93.266815
4483,79.13588
4484,92.87256
4485,111.29564
4486,93.27889
4488,93.2778
4489,104.583084
4490,94.36368
4491,109.05733
4492,93.99004
4493,116.05452
4494,94.27589
4495,102.79935
4498,79.13519
4499,95.36406
4500,102.591354
4503,112.34797
4505,103.07011
4506,94.42687
4507,94.44843
4508,104.887505
4510,113.79581
4511,92.5535
4513,93.28529
4516,79.13723
4519,93.27353
4521,92.87238
4531,93.2742
4532,79.14038
4533,93.26414
4534,113.41245
4536,104.887505
4537,92.65175
4539,94.66821
4542,103.52643
4545,92.505905
4549,92.57003
4551,93.275475
4554,106.161896
4556,115.25866
4559,113.605385
4561,114.858315
4562,109.07059
4566,111.43478
4569,93.27353
4570,111.01508
4573,93.2792
4574,104.92024
4575,91.55752
4577,93.279335
4578,112.76634
4580,109.470764
4582,94.37431
4583,111.25827
4585,93.740005
4587,104.887505
4595,91.28099
4596,111.55047
4601,93.27394
4602,117.20642
4603,94.57963
4605,116.41839
4606,92.95605
4607,117.177185
4608,96.23433
4610,93.27687
4613,103.91984
4617,91.475685
4618,111.04088
4619,91.53083
4620,90.960014
4622,106.28916
4625,93.10988
4626,104.887505
4627,94.3347
4629,96.24734
4631,92.58418
4633,104.887505
4634,115.006035
4635,93.352196
4639,93.25601
4640,106.650375
4642,104.953926
4644,111.20185
4646,104.887505
4647,91.55666
4648,79.20848
4649,93.27499
4650,111.46085
4655,92.57003
4660,92.61274
4661,114.66638
4662,90.92556
4663,117.11212
4665,94.07459
4666,112.05198
4667,106.77858
4668,93.27195
4670,99.66066
4671,110.27869
4672,104.5062
4673,104.00956
4675,107.220276
4676,97.951805
4677,114.06142
4680,93.27598
4682,93.27497
4683,115.06078
4685,105.65749
4686,93.28075
4688,113.43847
4690,116.61969
4692,112.20694
4693,94.32411
4697,93.95952
4700,110.87897
4702,110.358345
4707,117.19544
4708,94.357376
4710,79.94807
4716,93.27775
4717,93.62143
4718,94.466034
4720,94.58408
4721,81.132164
4723,103.13975
4726,114.68586
4727,94.25298
4729,93.82604
4731,93.28184
4732,115.57756
4735,96.10272
4736,109.13134
4737,94.69193
4738,110.71877
4739,111.48619
4744,107.567375
4747,93.609375
4749,112.07043
4750,94.357376
4752,111.85469
4755,103.83159
4756,102.99408
4757,113.45165
4758,94.463326
4759,102.49595
4763,93.77042
4764,107.79715
4765,94.49979
4766,93.91169
4767,114.912964
4769,111.30923
4770,93.40714
4771,79.13879
4772,105.52444
4774,113.39557
4776,117.206
4777,110.735176
4778,94.32966
4780,96.104256
4784,93.94997
4786,96.678474
4787,79.14868
4788,110.83921
4789,111.85469
4791,106.98353
4792,94.62391
4795,108.73309
4796,93.87979
4803,95.7063
4805,93.65915
4807,93.68515
4809,94.6948
4816,95.34261
4817,79.23698
4818,93.69317
4820,94.4706
4821,102.655914
4823,114.53328
4824,99.37968
4825,114.50302
4829,102.46462
4830,93.76057
4831,116.65919
4833,107.2896
4836,93.27418
4837,113.43847
4838,92.965065
4840,94.65917
4841,79.13944
4842,93.90676
4843,112.333244
4844,96.78915
4849,110.71605
4851,105.526726
4852,94.15864
4858,95.19939
4860,93.76057
4863,115.08966
4864,103.11612
4865,113.29639
4867,111.396545
4868,102.91472
4869,114.07936
4873,92.93887
4875,94.61641
4876,112.70691
4877,92.18245
4878,111.01794
4880,79.14813
4886,112.6613
4888,109.12149
4889,93.402245
4890,116.94702
4893,94.5324
4895,92.37523
4896,105.45033
4899,98.204926
4901,100.45022
4902,114.92635
4903,92.534775
4904,111.85469
4910,94.18172
4912,94.088844
4915,104.14933
4916,106.21901
4917,94.37539
4920,105.52444
4927,106.02164
4928,94.34329
4931,107.39393
4934,94.28627
4936,96.24576
4939,113.06596
4942,117.18482
4943,95.29626
4944,106.87764
4945,102.06592
4947,110.99531
4948,94.374825
4951,93.33229
4952,111.85469
4953,92.0891
4956,92.534775
4957,117.20659
4958,93.24669
4960,93.27985
4968,104.017365
4969,107.77212
4971,103.78442
4973,112.42546
4975,116.085915
4976,95.281586
4978,94.60645
4979,110.05098
4982,94.491066
4983,112.77122
4984,97.951744
4985,117.194695
4986,95.96914
4987,117.15958
4988,102.96113
4994,94.57383
4995,93.583466
5002,79.15608
5004,95.53884
5005,104.21018
5006,94.70397
5007,102.79488
5009,112.568405
5011,112.42546
5014,96.69995
5015,107.452385
5018,95.417725
5019,109.7468
5020,94.325775
5021,115.053635
5022,94.45197
5023,94.66535
5025,95.52811
5032,95.831184
5034,95.29185
5036,93.6321
5038,96.53791
5039,115.19301
5046,97.76491
5049,109.7468
5051,95.26498
5052,94.15988
5053,113.39557
5054,93.400536
5055,94.46492
5057,94.04236
5059,95.40131
5062,105.02998
5063,113.08062
5065,111.01159
5069,93.92027
5071,93.91873
5074,115.25454
5075,95.187
5076,117.19694
5077,79.144356
5079,105.27088
5080,92.70676
5081,112.61394
5083,106.198235
5088,105.486465
5089,94.22825
5093,111.6666
5094,109.815994
5095,97.99938
5099,112.7795
5101,113.40072
5103,102.55586
5104,97.15053
5105,111.07872
5107,94.10142
5108,113.87943
5109,94.26981
5111,99.329865
5112,110.91744
5113,92.58613
5114,112.56456
5115,95.976204
5118,106.89205
5122,93.281876
5123,79.1378
5125,93.41431
5127,103.461044
5128,93.29282
5129,116.68282
5132,94.52502
5134,117.20549
5135,93.45185
5137,115.0199
5142,92.91135
5143,105.280685
5144,95.165436
5148,94.374954
5149,95.268684
5150,106.82732
5154,79.13845
5155,93.27218
5159,94.12805
5164,94.47606
5165,116.845764
5166,94.86774
5167,117.049576
5169,90.673416
5171,94.35325
5172,110.992966
5176,93.275604
5184,111.0569
5185,93.26296
5186,110.8353
5188,104.442406
5189,112.12589
5190,94.37179
5191,116.845764
5193,111.774055
5196,93.437
5199,79.13637
5200,109.038826
5203,92.99407
5204,110.81659
5205,93.77624
5207,94.36743
5208,111.37736
5212,94.67624
5214,95.842415
5218,94.35103
5220,90.822296
5222,92.573814
5224,95.13641
5225,104.877945
5227,110.94279
5229,104.524025
5232,92.61788
5233,116.99725
5234,102.91952
5237,110.89331
5239,114.83487
5240,94.14864
5241,109.4182
5244,97.93222
5248,110.80903
5251,92.78629
5253,94.24621
5255,94.675934
5256,100.417015
5257,91.359726
5259,96.28273
5260,112.32962
5266,93.27762
5268,92.451935
5275,111.21185
5276,115.08184
5277,101.90927
5279,93.29694
5280,104.29102
5281,94.41422
5283,93.30887
5284,79.138374
5285,93.28799
5286,104.93517
5287,93.129524
5289,93.268295
5290,111.774055
5292,109.582825
5293,92.8815
5294,104.11852
5297,94.13243
5299,100.51312
5302,102.35086
5305,79.135345
5306,94.73763
5308,93.28319
5309,94.67232
5310,117.20027
5312,111.15156
5316,115.28852
5317,94.58761
5319,79.13837
5320,93.435394
5323,94.45601
5329,111.26884
5331,111.50702
5334,110.9655
5336,113.88465
5338,104.66859
5341,93.157715
5345,95.57633
5348,92.27293
5349,112.78044
5355,106.09094
5356,93.27434
5360,109.827415
5362,111.29227
5364,111.525154
5366,104.807144
5367,92.98918
5368,94.03832
5370,92.77309
5371,79.13878
5373,107.08675
5375,110.89331
5376,92.73396
5378,111.996254
5379,94.362366
5383,94.344215
5384,104.08963
5389,111.985275
5391,79.136505
5393,110.51923
5395,115.3522
5397,110.71725
5398,93.2608
5399,110.93298
5401,117.14253
5402,92.51733
5403,111.222534
5404,90.65844
5407,79.13721
5408,92.59484
5413,111.40281
5414,93.53527
5417,94.06772
5418,109.582825
5420,114.08861
5421,90.95646
5424,93.50033
5425,110.81659
5426,93.33627
5429,113.31666
5431,94.304245
5437,102.516136
5440,92.51214
5444,106.65017
5446,105.72335
5447,93.262215
5451,99.04245
5452,102.02014
5455,102.91952
5456,93.29001
5458,94.43592
5459,116.98504
5460,96.089905
5462,94.407486
5463,111.042206
5464,93.73888
5465,115.26196
5466,93.42673
5467,103.99871
5468,93.27084
5469,116.632
5472,94.91356
5474,94.781006
5475,117.200035
5476,93.37112
5479,104.57223
5480,111.0187
5482,112.23754
5485,93.27584
5486,117.16113
5488,79.13961
5495,104.524025
5496,93.830246
5497,111.57868
5499,114.915375
5503,94.0104
5504,93.088905
5507,93.3069
5509,95.09567
5511,96.23804
5512,113.02552
5516,110.93854
5517,96.69327
5518,110.53611
5521,95.72785
5522,103.460304
5527,93.79837
5528,93.67196
5529,110.036156
5532,97.58885
5533,117.1241
5535,107.59213
5536,109.85424
5540,94.32521
5547,96.141846
5548,108.085846
5550,79.13724
5551,93.99843
5554,110.96277
5555,94.59085
5559,110.77766
5560,94.34984
5561,115.075005
5562,92.62666
5563,113.65032
5565,79.139786
5566,93.287346
5567,106.774635
5568,94.40017
5572,94.30781
5574,94.58714
5576,94.301
5579,111.44392
5580,79.15117
5581,94.330894
5583,94.67707
5584,112.81193
5586,113.34861
5587,92.86698
5589,102.525276
5591,102.353775
5592,92.842834
5593,116.09924
5594,93.39306
5595,79.15274
5596,113.07973
5597,110.81299
5598,117.1825
5599,105.28475
5602,114.76965
5603,93.39306
5605,92.561104
5607,94.96966
5608,115.22483
5609,93.563126
5610,91.56234
5612,93.65475
5613,111.644806
5614,95.22625
5616,94.4019
5621,94.12581
5623,95.46492
5628,117.15298
5629,92.52181
5631,96.11071
5633,94.21439
5638,106.26509
5639,94.79596
5640,104.99687
5645,99.24157
5646,79.14555
5649,96.575745
5653,115.111176
5655,115.31272
5656,102.94239
5658,94.61529
5662,117.148544
5663,92.65215
5667,92.71037
5670,105.28475
5671,102.4952
5672,94.80999
5673,102.610794
5674,94.42636
5675,103.57141
5676,95.41789
5679,112.04229
5683,113.89857
5687,92.56984
5688,79.13783
5690,94.64845
5691,112.97385
5692,92.84095
5693,116.3217
5694,94.44743
5697,113.25687
5698,92.05432
5699,111.98967
5704,95.44822
5707,112.04229
5709,103.152626
5710,94.558205
5714,93.29127
5718,94.57679
5721,100.94405
5723,94.51156
5724,111.003746
5725,94.62854
5726,115.18163
5729,97.20579
5730,110.07148
5731,95.10992
5733,79.1367
5736,93.275276
5741,104.54616
5745,109.46376
5747,94.666534
5748,107.34616
5750,111.30865
5751,94.43387
5752,93.789154
5754,93.4865
5755,94.06171
5757,93.273964
5758,117.16522
5760,104.5968
5762,102.497345
5766,112.620224
5768,94.88373
5769,117.01445
5770,93.276505
5771,111.92203
5772,93.65256
5773,114.04249
5774,95.423035
5776,95.39912
5777,111.98967
5778,93.290825
5780,115.144135
5782,92.57697
5783,79.136856
5784,93.83489
5786,93.700226
5788,94.514465
5789,111.18731
5790,107.3229
5791,104.203285
5793,102.49992
5794,94.58559
5796,117.178154
5797,94.008766
5801,93.27806
5803,92.56984
5804,112.43753
5805,93.76014
5806,79.13941
5808,107.77887
5813,94.20788
5815,94.439026
5816,108.73675
5822,95.14926
5823,111.47114
5825,108.83424
5827,114.642654
5829,102.43111
5830,94.44812
5831,115.09496
5832,94.389824
5833,107.77887
5837,117.15168
5838,93.29175
5839,93.27074
5842,104.99687
5844,111.95544
5845,106.31618
5846,115.040886
5848,79.139915
5850,114.25199
5851,94.17216
5853,94.88373
5854,108.14156
5858,104.99687
5860,114.2321
5864,103.50656
5866,94.954956
5867,112.04229
5868,93.34884
5869,112.02705
5870,93.89194
5871,112.93913
5874,116.19806
5876,111.62768
5877,92.872154
5878,92.61594
5879,108.870674
5880,92.54045
5884,92.63737
5886,110.80127
5890,110.16101
5896,96.17493
5897,102.68238
5898,94.88373
5901,107.93263
5903,113.03502
5906,91.56234
5908,111.39964
5909,92.75187
5910,111.644806
5911,93.79592
5912,111.504845
5914,116.19806
5919,112.10933
5924,103.7522
5926,94.825966
5929,103.32964
5930,96.55248
5932,93.71494
5933,115.32425
5934,94.06182
5935,111.308975
5936,99.00603
5937,112.56683
5938,100.745544
5939,110.9078
5942,109.433495
5943,94.46739
5944,102.36608
5946,111.133865
5951,92.53833
5953,102.535614
5954,93.48409
5957,104.301155
5961,92.61932
5962,106.6116
5964,79.136566
5965,92.76588
5968,115.711525
5969,92.54542
5974,91.29173
5975,108.971466
5978,79.13669
5981,105.04606
5982,92.58598
5983,109.42464
5989,112.37191
5991,93.75255
5992,102.02277
5995,95.34323
5996,102.56285
5997,110.29043
5998,92.8512
5999,79.13585
6001,110.687325
6002,94.513725
6003,104.80702
6004,93.48409
6006,110.28453
6007,93.25107
6011,94.56574
6012,103.28882
6014,93.30527
6015,106.64543
6016,94.46582
6017,110.879105
6018,93.289856
6024,94.17129
6025,105.86835
6026,110.82069
6028,111.1145
6029,79.13763
6030,94.47223
6036,115.711525
6040,93.03047
6041,111.55864
6042,93.92021
6044,93.27496
6045,103.57734
6047,102.91986
6048,94.378265
6049,110.24739
6051,117.18378
6052,117.147125
6053,92.60263
6054,115.9267
6058,106.790726
6059,94.43056
6062,93.2972
6063,117.174736
6064,103.0535
6065,93.03047
6067,92.571594
6068,110.9063
6070,103.18861
6071,112.05904
6072,110.69415
6080,110.69415
6081,95.94936
6084,106.35268
6087,93.28999
6089,108.28838
6092,110.69415
6094,92.53741
6095,112.80935
6097,116.68341
6100,94.33713
6104,103.044075
6105,92.7229
6106,109.722725
6107,79.14216
6108,92.58687
6109,110.69415
6110,92.971504
6114,110.69415
6116,93.93309
6117,102.18399
6118,93.29593
6123,79.13683
6125,112.98182
6128,107.95996
6130,106.06092
6132,109.34293
6137,79.136406
6139,116.32904
6140,90.613235
6141,116.90924
6142,103.09174
6144,116.63201
6145,93.28111
6146,93.2788
6149,92.79939
6156,94.49534
6159,110.79917
6160,90.613235
6162,104.37101
6164,110.3317
6165,90.81419
6168,79.13629
6169,107.59029
6170,90.92022
6171,115.23636
6172,92.67547
6173,115.34215
6176,93.35808
6177,91.661415
6178,91.38699
6180,94.52836
6181,103.6144
6182,93.18656
6185,92.93092
6186,112.85688
6188,114.86954
6189,93.27765
6192,106.35268
6193,94.35186
6194,103.57734
6195,93.82425
6196,116.75478
6197,92.87256
6201,110.95221
6202,90.69591
6203,114.91408
6204,92.80402
6207,117.12641
6209,93.41337
6210,92.938194
6211,115.16086
6213,113.92324
6216,92.559975
6217,91.17397
6219,92.70981
6222,79.139084
6223,93.27604
6235,93.28447
6240,93.27584
6242,93.204605
6247,93.85469
6251,110.62717
6254,112.32449
6255,93.27585
6260,102.6864
6261,93.36646
6262,101.84934
6264,110.05031
6269,106.501724
6271,107.62216
6275,110.7256
6276,94.60485
6278,92.551674
6279,108.227135
6281,110.741974
6284,98.427765
6286,92.586555
6287,79.13686
6288,93.275696
6292,92.92823
6293,92.749535
6295,91.89629
6298,110.56019
6300,110.23347
6304,103.281395
6308,109.99342
6310,93.95765
6312,110.69415
6320,93.39876
6324,92.64324
6325,111.628426
6330,95.11025
6336,110.79688
6340,104.96619
6341,93.28447
6342,102.56956
6344,92.29269
6345,114.315636
6347,107.622826
6348,97.57252
6349,110.56019
6351,79.138756
6353,110.88162
6354,92.93437
6357,96.264465
6358,105.74325
6360,102.675224
6363,117.15792
6364,92.556854
6368,110.927025
6370,94.49745
6371,93.30873
6377,96.360115
6379,94.093315
6381,93.30094
6382,79.13816
6383,107.77119
6388,110.369
6390,111.41375
6392,102.32373
6393,94.80128
6395,93.27511
6398,102.36618
6401,79.13792
6402,94.59175
6403,110.88873
6405,92.53442
6406,92.95272
6407,111.16176
6409,102.96978
6411,94.367935
6413,93.873795
6416,107.21965
6417,93.058846
6418,92.50021
6419,117.16697
6420,110.98774
6426,110.305016
6429,93.72459
6430,94.29591
6431,110.88873
6432,94.03137
6434,92.340034
6437,115.18079
6438,93.33002
6439,102.76328
6440,94.41415
6441,95.84348
6442,110.76391
6443,95.89581
6445,94.33459
6448,111.039314
6450,111.658844
6453,93.3
6455,93.26053
6457,90.951126
6458,111.54129
6461,93.98258
6464,111.505775
6467,93.88484
6469,93.29606
6470,79.13718
6471,90.64653
6473,103.09453
6474,92.652596
6479,93.916565
6481,98.81819
6484,110.90364
6495,111.114395
6496,117.10053
6505,111.30168
6506,94.8832
6508,93.391945
6509,93.69243
6510,103.86719
6512,106.800285
6513,93.30763
6514,113.769394
6515,94.23361
6519,94.357574
6521,93.275246
6523,79.13654
6525,104.22087
6526,93.092415
6528,95.33709
6529,115.20661
6531,103.42035
6533,106.904594
6534,94.33309
6535,110.90931
6536,92.518555
6537,115.79201
6540,93.84392
6541,107.77119
6547,92.38587
6548,109.22351
6551,115.245514
6553,110.99388
6555,108.305504
6556,93.28512
6561,79.136925
6564,93.75844
6565,110.90931
6568,93.274506
6569,110.76391
6573,107.48006
6574,94.42723
6577,111.428986
6579,117.162025
6581,92.77069
6582,110.48449
6585,108.65864
6586,93.274055
6589,104.41448
6590,79.13712
6593,92.52268
6594,111.832695
6595,90.675354
6599,92.60835
6600,93.68029
6601,115.332664
6602,92.56492
6603,111.039314
6604,90.94187
6607,103.14546
6608,108.180565
6609,93.13211
6611,93.21197
6613,110.76391
6614,92.51003
6616,93.26453
6617,110.76391
6618,93.33332
6619,102.51954
6621,108.305504
6627,108.0316
6629,110.72961
6631,79.13744
6634,93.30499
6636,93.43393
6638,93.274506
6639,110.76391
6641,111.01207
6642,91.590996
6651,116.09606
6654,79.140495
6657,94.24745
6663,95.909996
6665,108.65605
6666,94.97318
6668,93.28888
6669,108.78761
6670,94.526535
6671,93.108025
6673,94.718796
6675,93.99356
6676,79.1395
6677,93.27626
6679,94.117165
6680,115.277664
6681,103.86719
6685,103.957184
6688,94.405594
6689,90.66145
6690,110.73631
6692,110.76391
6693,95.20461
6694,94.150345
6698,117.13794
6699,92.713425
6700,110.614845
6701,90.951126
6702,109.82725
6704,90.66145
6707,110.83694
6712,111.32715
6713,95.36741
6715,93.952354
6721,110.0025
6722,92.741974
6723,114.847694
6724,95.991806
6725,117.16613
6731,114.52345
6735,79.13778
6736,94.455635
6737,110.89131
6738,91.76249
6739,105.720375
6741,110.369225
6743,92.63781
6745,93.28888
6747,110.758545
6749,93.27018
6750,105.109856
6751,117.17095
6752,93.241936
6753,110.76391
6755,113.93904
6756,93.132904
6757,103.065636
6759,116.05887
6761,93.27804
6763,90.64653
6764,116.99598
6765,93.93159
6766,111.46203
6768,110.77226
6771,90.66145
6773,92.609024
6774,94.10856
6778,102.35785
6779,104.19043
6781,92.552444
6784,93.25848
6786,93.02116
6787,110.04168
6790,92.37467
6793,104.54228
6795,110.34016
6798,111.97172
6806,103.80584
6807,96.8956
6810,92.63243
6815,110.83942
6816,93.036865
6817,101.90751
6818,96.85904
6819,101.51459
6820,94.54249
6822,94.49775
6823,117.19576
6824,107.3296
6825,94.409134
6828,79.13641
6829,109.15448
6831,110.772995
6832,92.95965
6833,110.60849
6834,90.642105
6836,93.167206
6837,110.91753
6838,90.67741
6840,102.66887
6843,93.346886
6845,92.549835
6846,92.6878
6847,108.73142
6851,111.7189
6852,94.06226
6853,110.77455
6858,94.28562
6861,110.85568
6863,114.62128
6864,79.13644
6865,90.64733
6866,110.76975
6867,95.95042
6868,100.54267
6869,94.350296
6870,107.3296
6874,110.73374
6875,95.24158
6877,110.76925
6878,91.187935
6880,93.30265
6883,109.3095
6884,93.89587
6886,93.2741
6890,93.2939
6893,110.844696
6894,94.16242
6899,110.76925
6900,94.399895
6904,94.20985
6905,110.70025
6906,93.26644
6910,91.61074
6912,106.55587
6913,113.953285
6920,92.54995
6922,93.83574
6923,110.34016
6926,94.45247
6927,110.37182
6928,91.28617
6931,113.978455
6933,92.724365
6936,92.5582
6937,110.92051
6939,111.43106
6941,93.17363
6942,111.4069
6943,94.26439
6944,101.90985
6945,95.14417
6946,107.95523
6947,117.18137
6949,104.495674
6951,103.45533
6953,111.189224
6954,90.80427
6955,112.98506
6963,110.68883
6964,92.19487
6966,93.27329
6968,92.72108
6970,102.93749
6972,110.89036
6976,111.26462
6978,110.76975
6981,101.690094
6985,104.72668
6986,93.268
6987,106.765114
6989,112.70863
6991,117.19576
6993,117.20612
6994,92.32829
6995,108.73002
6996,95.09729
6997,116.409515
6998,79.137405
7001,110.893234
7003,110.562355
7006,95.96873
7008,115.189964
7010,92.602165
7011,93.275955
7012,107.49817
7013,91.76792
7014,112.40838
7017,102.332954
7018,93.30869
7019,92.54732
7023,95.07595
7024,101.55049
7025,92.57247
7026,109.6447
7027,92.67275
7028,113.91012
7030,110.34016
7031,92.52269
7033,113.467125
7036,92.69812
7037,92.28628
7039,93.71419
7044,93.279
7045,110.91753
7046,95.98006
7049,101.81402
7050,94.86533
7051,102.93749
7054,110.778534
7055,105.70888
7057,93.82925
7060,110.76925
7061,93.279594
7063,92.54995
7064,110.828636
7067,93.30265
7071,92.50851
7074,102.870605
7075,93.27797
7078,110.91753
7079,90.65621
7080,105.97817
7081,94.17851
7082,111.01894
7083,93.27057
7085,117.20386
7092,102.84319
7094,93.98326
7100,92.25904
7101,110.7943
7102,110.76975
7104,111.64182
7105,93.279594
7106,93.28615
7107,102.28747
7108,79.13598
7109,90.760735
7110,110.92051
7112,96.60168
7113,103.02014
7114,93.8797
7116,110.823074
7117,93.29386
7118,101.615105
7120,94.07632
7121,104.17633
7123,102.51068
7124,94.93672
7127,110.57097
7131,102.557434
7132,96.85904
7133,92.57513
7134,110.85926
7135,90.69298
7136,113.03258
7137,92.52829
7141,94.10964
7144,100.79576
7147,111.60729
7148,93.261185
7150,94.26397
7151,94.07632
7152,102.71333
7154,93.27067
7156,92.961395
7157,103.26343
7159,117.18916
7161,93.20001
7163,93.27544
7164,96.76092
7167,79.13723
7169,102.59318
7170,94.42803
7173,93.27587
7174,102.40688
7177,110.94643
7178,103.27065
7179,93.27297
7180,79.136734
7181,107.6886
7182,94.25941
7184,93.30139
7185,116.93213
7186,93.952866
7187,116.86438
7188,93.26274
7189,112.15996
7191,102.36658
7193,110.74013
7197,94.513626
7199,93.255714
7200,111.01894
7201,90.69298
7204,94.14818
7207,110.48299
7209,114.62128
7210,93.76889
7211,107.447845
7213,94.70425
7214,116.409515
7216,114.45926
7217,96.44617
7220,109.39804
7224,110.34016
7225,94.55832
7226,114.45926
7227,93.2792
7234,116.93213
7236,79.135925
7239,104.12283
7240,92.50411
7242,117.192986
7244,110.46208
7245,90.70552
7247,114.61864
7248,90.68034
7249,117.17894
7250,113.78405
7251,94.27199
7252,114.782555
7253,79.13684
7256,93.03683
7260,90.56937
7261,115.165245
7264,92.126495
7269,111.03977
7270,94.3368
7273,110.865326
7279,90.999084
7281,108.58721
7284,94.38312
7285,115.17942
7286,117.16621
7287,90.98581
7289,93.37962
7292,93.26888
7293,111.14075
7296,93.253365
7297,117.078705
7298,91.18022
7299,115.23584
7301,102.44002
7304,111.30127
7306,116.77342
7308,93.37962
7309,100.94278
7312,93.26797
7313,79.13684
7314,90.79257
7316,95.89808
7319,115.06005
7321,93.270386
7323,94.108574
7324,102.69988
7325,94.47193
7328,97.04423
7330,79.13805
7334,95.82469
7337,116.2315
7338,94.55331
7339,93.54719
7341,90.93095
7342,114.686455
7344,110.68905
7345,110.608376
7347,110.88057
7349,108.58721
7350,93.27328
7353,114.93424
7355,113.939705
7356,93.27637
7357,117.01669
7358,98.131775
7360,94.41757
7363,98.890305
7364,94.23142
7366,101.240715
7368,94.493935
7369,114.126595
7370,95.16717
7373,94.48576
7374,115.36551
7375,94.174614
7377,93.62425
7379,94.013824
7380,116.84602
7382,111.05342
7383,94.6078
7385,93.37613
7386,105.54644
7391,94.1075
7394,104.888054
7396,113.78405
7397,93.23562
7399,93.495
7400,103.86984
7403,79.13675
7405,111.50448
7408,113.03967
7414,115.1218
7416,101.37627
7417,93.2479
7419,94.224205
7420,115.149635
7421,92.97211
7422,94.079544
7423,100.187164
7425,79.13639
7430,93.68769
7432,94.0081
7433,94.66631
7434,110.8615
7436,110.66138
7437,92.60697
7438,102.63726
7440,103.95048
7441,92.67049
7442,107.921234
7445,115.52105
7446,99.27342
7448,112.79039
7450,98.79535
7451,93.34924
7454,117.19739
7455,92.11925
7457,111.01042
7459,101.5093
7462,94.40789
7464,93.34924
7465,105.14619
7466,91.60109
7467,107.86126
7469,115.20077
7472,92.42902
7473,110.79252
7479,95.82469
7480,105.21375
7484,110.72007
7491,93.692894
7494,101.048805
7495,93.705956
7501,93.32251
7503,93.951515
7504,103.9631
7505,90.9115
7508,111.0374
7509,92.55362
7510,79.13684
7511,110.923416
7515,96.251
7516,106.31937
7517,91.66301
7518,107.2665
7519,93.69503
7521,93.71729
7522,104.75845
7524,112.96888
7526,102.98762
7527,93.82037
7528,102.530495
7529,94.47602
7534,109.33256
7537,112.20073
7538,93.2765
7540,90.71539
7541,113.77617
7545,107.66556
7551,115.010704
7553,95.60564
7554,102.67066
7555,93.50073
7561,113.65257
7562,110.62464
7564,94.51574
7565,104.80821
7566,92.64137
7567,109.13145
7569,102.40079
7570,92.215164
7571,115.70545
7572,96.179245
7574,106.97551
7578,114.869995
7579,91.00747
7586,93.269165
7587,79.1461
7590,94.24736
7593,110.79252
7594,92.023186
7595,92.64137
7600,92.54955
7601,79.14235
7602,91.18309
7603,115.68925
7604,92.58944
7606,94.71336
7608,115.34955
7613,79.13692
7615,112.18563
7616,110.83443
7617,112.78322
7618,93.82037
7619,103.871666
7622,101.453636
7623,102.56147
7624,93.21505
7625,105.36031
7626,94.64871
7627,106.63277
7628,79.13585
7631,106.21663
7632,104.06905
7633,93.2816
7634,113.79696
7635,93.73577
7636,115.44122
7637,115.44122
7639,92.58631
7640,79.13762
7644,112.26149
7645,91.11859
7648,104.539024
7649,94.24587
7650,107.60641
7652,105.14619
7653,93.29595
7655,94.777176
7659,113.34121
7662,96.5191
7664,92.924385
7666,95.97162
7668,94.17892
7669,111.52035
7670,91.4056
7672,94.49752
7673,110.87293
7678,92.61361
7679,79.13819
7680,105.85505
7683,92.719635
7685,117.16621
7688,93.34481
7690,110.70121
7692,93.255554
7693,92.4016
7695,116.2315
7696,92.7701
7698,93.64851
7699,107.96841
7702,92.558556
7703,113.66801
7704,91.341286
7707,110.923416
7713,79.13761
7715,103.85152
7717,106.82671
7718,90.99697
7719,103.73759
7721,111.03693
7722,94.26293
7725,100.77993
7727,101.03963
7730,79.13632
7733,90.6486
7735,101.436035
7740,113.66582
7741,109.43945
7742,91.54927
7744,108.193375
7747,91.34215
7750,79.136086
7752,110.63889
7754,110.861595
7756,106.794556
7757,92.90913
7758,104.950195
7760,103.02941
7761,92.752335
7763,105.57715
7765,93.29243
7767,115.68912
7768,93.35408
7771,93.244804
7773,90.65745
7774,114.60113
7776,102.687614
7779,91.366
7783,92.330696
7786,115.80426
7787,94.05195
7789,92.60658
7791,94.063896
7793,90.751
7794,104.78251
7795,90.8893
7799,79.1367
7800,104.36446
7802,94.44352
7805,108.650444
7807,102.47564
7808,92.41639
7811,105.06499
7817,110.504814
7818,103.33828
7819,93.27564
7822,92.541306
7823,110.80283
7825,114.12597
7828,90.729996
7832,90.58952
7833,79.13684
7834,107.19984
7835,93.27592
7837,92.78789
7840,90.73169
7842,93.18775
7843,111.75686
7844,91.41662
7846,92.752335
7850,91.33822
7853,110.803215
7855,113.91149
7858,92.5789
7863,110.75374
7865,110.867935
7866,92.153564
7868,92.53685
7869,110.82903
7871,79.136955
7872,101.95148
7874,104.18769
7877,111.049545
7878,90.73066
7879,109.19252
7881,93.025826
7883,94.20314
7885,101.47664
7886,94.4614
7889,94.89895
7890,106.32708
7891,90.98675
7893,91.109795
7894,102.51608
7896,107.398575
7898,101.917885
7901,92.11341
7902,110.61972
7904,114.975296
7905,94.13977
7906,112.92072
7909,93.276726
7910,102.50836
7913,92.52981
7918,111.07953
7919,90.65448
7923,93.55705
7925,93.2434
7927,92.534256
7930,92.84889
7932,90.79358
7933,93.273445
7935,90.66318
7939,102.57766
7942,91.46105
7943,104.675674
7945,101.50775
7946,93.92033
7948,92.366
7949,109.46386
7950,91.79575
7951,115.68912
7955,102.99548
7959,92.82599
7960,113.66582
7961,93.26557
7962,102.69472
7964,102.7166
7965,92.59648
7966,110.91433
7967,102.52745
7968,90.98264
7971,102.9264
7974,90.65448
7976,106.19175
7978,111.02403
7982,113.66582
7983,93.280014
7984,102.01251
7986,93.74978
7989,109.46386
7991,110.61972
7992,109.474144
7993,92.37806
7994,110.70247
7995,90.58952
7997,93.240685
7998,102.01251
7999,110.504814
8002,93.26436
8007,94.38581
8009,93.26939
8011,93.96995
8013,92.590675
8015,104.54689
8017,113.60793
8019,117.17785
8023,93.02925
8024,114.71222
8026,114.51344
8027,91.01145
8029,93.273125
8030,110.45608
8031,92.51178
8033,90.82977
8035,93.26108
8036,107.50069
8039,102.85995
8042,92.54886
8044,93.2859
8046,79.13913
8048,115.24882
8049,94.13977
8050,103.50179
8053,91.01249
8054,92.24086
8059,92.5543
8061,93.823616
8062,107.969284
8064,108.03146
8066,100.15644
8067,90.73812
8068,90.68225
8070,91.94073
8071,110.8442
8072,94.24341
8076,90.706985
8080,92.68407
8081,105.29822
8084,99.20498
8087,115.45902
8089,92.680786
8090,117.03447
8091,103.27653
8094,117.13811
8100,90.70105
8101,93.557396
8110,93.86876
8111,110.61972
8112,90.85511
8115,111.95367
8116,93.27336
8118,108.03146
8121,117.17268
8125,108.87634
8127,108.197754
8128,93.920235
8129,109.93171
8131,92.34646
8138,92.21256
8139,102.50732
8140,92.54754
8141,90.65745
8142,110.379486
8143,108.77113
8145,114.513435
8146,91.6701
8148,114.7133
8153,111.864105
8154,92.5197
8155,110.028854
8161,90.86918
8162,107.73746
8163,92.53688
8166,110.94458
8168,111.21884
8170,92.572365
8172,110.7917
8173,90.66895
8176,105.3155
8179,91.04386
8181,92.78686
8182,117.16261
8184,110.71825
8190,104.967476
8191,94.19699
8194,116.561165
8196,108.17013
8198,113.21718
8199,110.75223
8201,104.78334
8202,92.55849
8207,92.59636
8208,110.13629
8211,109.40315
8214,110.799965
8217,91.10957
8218,110.19261
8222,92.83727
8229,106.462845
8231,93.86312
8233,94.00251
8236,92.002594
8238,115.72069
8240,102.324455
8243,94.78196
8246,111.511284
8250,93.30276
8254,94.32499
8256,79.13641
8257,109.40277
8258,90.79977
8260,93.27799
8261,111.06609
8263,116.91058
8264,91.66979
8267,110.93451
8268,90.676704
8271,90.70278
8272,110.13629
8275,92.13249
8276,93.84328
8277,107.01134
8278,117.163765
8279,90.65312
8280,109.53969
8281,94.83707
8282,108.636536
8287,107.77321
8288,90.64566
8289,116.402885
8294,90.63707
8296,90.67949
8299,107.715454
8302,100.782234
8308,111.25102
8314,102.74964
8315,92.61962
8316,110.74274
8317,93.34671
8319,112.97551
8320,92.30212
8321,117.149925
8323,92.71176
8325,90.814255
8326,111.1144
8328,110.669395
8330,106.32015
8331,91.0322
8332,114.54462
8334,92.35694
8338,92.5425
8339,94.27622
8341,90.654724
8345,110.7519
8346,92.55744
8347,102.72646
8349,93.521454
8351,90.77705
8352,113.70292
8353,110.669395
8355,110.65946
8358,110.59936
8359,103.85112
8360,91.601654
8361,111.19293
8363,102.70202
8364,93.26724
8365,93.27483
8366,102.84385
8370,110.64994
8372,90.70886
8376,93.03586
8377,110.83744
8379,110.08589
8380,93.24177
8381,115.09109
8386,92.543076
8388,102.36718
8389,91.854935
8391,105.65471
8394,94.32499
8396,103.33315
8398,103.63598
8400,112.14268
8401,90.68048
8404,90.654724
8407,92.7558
8408,107.03795
8409,110.02681
8410,104.16591
8411,92.54324
8413,92.389534
8414,109.936554
8416,92.56142
