,ID,y
0,1,-1.2013419
1,2,0.2264396
2,3,-0.24215072
3,4,-1.2024356
4,5,1.3191618
5,8,-0.14830737
6,10,0.97137743
7,11,0.65774035
8,12,1.6328274
9,14,0.63371176
10,15,1.5166184
11,16,0.56370944
12,17,0.12814711
13,19,0.21207887
14,20,0.53829694
15,21,0.16592963
16,22,1.6516331
17,23,0.09465868
18,26,0.22742592
19,28,0.52420056
20,29,0.09465868
21,33,0.09465868
22,35,0.17535275
23,41,0.11440585
24,42,0.057767965
25,43,1.3886687
26,45,0.44928074
27,46,0.95112294
28,51,0.3530174
29,53,-0.27057207
30,55,1.4040459
31,56,0.8157107
32,57,1.0620645
33,58,0.38736722
34,59,1.0006596
35,63,1.2640022
36,64,0.39882416
37,65,0.46781993
38,69,0.2862066
39,71,0.32850292
40,72,0.88117003
41,73,0.2962177
42,76,0.9836286
43,77,0.80380565
44,78,1.3964863
45,82,0.3401245
46,83,0.46781993
47,84,1.1711024
48,85,0.97034043
49,87,1.0432333
50,88,0.11440585
51,89,0.7102902
52,91,0.2256363
53,93,0.7857067
54,94,1.3855302
55,95,0.20016156
56,96,1.1557332
57,97,-0.14263332
58,98,1.3239332
59,99,0.6779718
60,101,1.1334354
61,103,0.7102902
62,104,0.13429415
63,105,1.2631072
64,110,0.33973116
65,111,0.94659567
66,113,1.3323548
67,114,0.045054678
68,115,0.99465054
69,117,0.7102902
70,120,0.63094324
71,121,1.2564439
72,122,-0.38497317
73,123,1.6271036
74,126,1.1469271
75,132,1.3501443
76,135,1.1682298
77,137,0.8298542
78,138,0.19214846
79,140,0.8706489
80,142,0.9136904
81,144,1.1873151
82,148,-0.05204342
83,149,0.5213317
84,155,-0.33006188
85,156,1.1933919
86,157,-0.14263332
87,162,1.2430695
88,163,0.22759885
89,167,0.22955129
90,172,1.3886687
91,179,1.4407449
92,180,-0.16700889
93,181,1.3486649
94,182,0.46644223
95,183,0.7102902
96,185,0.7102902
97,187,1.3878785
98,188,0.3389511
99,189,0.4249036
100,191,0.5282388
101,192,0.7101924
102,193,0.4034906
103,194,1.3840593
104,195,0.23948783
105,196,0.87946886
106,198,0.85000056
107,199,1.2163182
108,201,0.5039206
109,204,0.18781836
110,205,0.52975166
111,206,0.76551586
112,210,1.0405587
113,211,1.1334354
114,216,1.0947288
115,219,1.5879521
116,220,0.0022529056
117,221,1.3221711
118,226,1.3486649
119,227,0.7293777
120,228,1.1286687
121,230,1.0278038
122,231,-0.14263332
123,235,1.6476245
124,236,0.50748724
125,238,1.0882229
126,242,1.3991956
127,243,0.22148794
128,244,-0.73362535
129,245,0.9007172
130,247,1.341066
131,248,0.051257614
132,249,0.08626007
133,250,1.4336468
134,251,0.50748724
135,253,1.6476245
136,254,0.10376022
137,256,0.28948292
138,257,-0.17482804
139,258,1.3309673
140,259,0.6779319
141,262,-0.5256412
142,266,0.024991762
143,267,1.4316618
144,272,0.85193247
145,273,0.7102902
146,275,-0.2835578
147,276,0.8615697
148,279,0.45363757
149,280,0.46781993
150,283,0.08989238
151,285,1.1516591
152,288,0.7102902
153,289,0.61251515
154,290,0.44335133
155,291,0.93176717
156,292,1.2654136
157,293,0.9947969
158,296,-0.2615779
159,297,1.2144911
160,298,1.3466343
161,299,0.3257509
162,304,0.061380167
163,305,-0.2116408
164,306,0.118893586
165,307,1.344735
166,311,0.9234023
167,313,1.3720398
168,314,0.29607096
169,316,0.54347175
170,324,0.52060276
171,327,0.33606625
172,329,-0.013060973
173,330,1.3741946
174,337,0.60036093
175,338,0.67891055
176,339,0.3945647
177,340,0.2642675
178,343,-0.023822643
179,345,1.4807733
180,346,-0.053118262
181,347,1.3316604
182,349,0.92997116
183,350,0.06576106
184,352,0.9833371
185,353,-0.023198593
186,354,-0.67560303
187,357,0.18737559
188,358,1.3264893
189,362,1.3524452
190,364,0.5752186
191,365,0.85183185
192,366,0.398355
193,367,1.1610618
194,368,0.09297941
195,370,-0.3440363
196,373,0.3844071
197,377,0.32429546
198,378,1.0119959
199,382,0.9464977
200,384,1.0837826
201,390,0.24515368
202,392,1.4071027
203,393,0.83051723
204,395,0.6211938
205,396,0.76444805
206,399,-0.6029127
207,406,1.3720398
208,408,1.3720398
209,409,0.046559654
210,410,-1.1768457
211,412,1.4633235
212,413,-0.19583862
213,419,0.14930716
214,420,1.2456094
215,421,-0.11185131
216,430,0.6133681
217,434,0.43236965
218,436,0.37027466
219,437,0.8501146
220,438,-0.17816968
221,439,1.1190379
222,440,0.8348656
223,443,0.8226819
224,446,0.24610314
225,448,0.20569153
226,452,0.4104158
227,453,1.0742282
228,457,0.55820745
229,458,0.23841494
230,459,1.148609
231,460,0.8932112
232,462,1.1523584
233,464,0.74622077
234,465,1.5234745
235,467,1.5707626
236,471,1.0126523
237,472,-1.0511309
238,473,0.40330392
239,475,0.16587438
240,480,0.8600192
241,488,0.9942847
242,490,1.344735
243,491,0.9978288
244,492,-0.21455899
245,493,0.22941992
246,497,0.05643101
247,498,1.1971986
248,499,0.15235949
249,500,0.9687328
250,501,0.2720362
251,502,1.3161772
252,506,-0.25470963
253,510,0.9641827
254,511,-0.111039534
255,512,-0.09553521
256,516,-0.019978631
257,518,0.19740078
258,519,1.2874151
259,521,0.04153211
260,522,1.2173864
261,526,1.3878545
262,529,0.68138117
263,532,1.3404146
264,533,0.21907024
265,536,0.70529014
266,537,0.492755
267,539,0.25360522
268,540,1.0913934
269,541,0.13617449
270,543,0.36053362
271,546,1.3592446
272,547,0.555085
273,548,-0.46083403
274,551,0.18199454
275,552,0.79807025
276,556,0.94119644
277,557,0.18533762
278,558,1.1610618
279,559,0.75245446
280,560,0.53993845
281,562,0.51405865
282,566,0.59894556
283,570,1.1971986
284,571,0.8501146
285,572,0.43129754
286,573,0.30254957
287,575,1.5234745
288,576,1.183916
289,577,0.07197015
290,579,-0.019933384
291,580,1.4130391
292,581,1.2631772
293,589,1.344735
294,591,1.038263
295,593,0.7455104
296,594,0.671526
297,595,0.5150949
298,598,0.24752785
299,602,1.378702
300,604,1.052601
301,606,0.80439013
302,608,0.44883537
303,609,1.0844637
304,610,0.3525261
305,616,1.2588352
306,617,0.1295111
307,618,1.0234612
308,620,0.9910726
309,622,0.7070758
310,623,-0.2449868
311,624,0.81859803
312,626,1.2745379
313,628,1.3117559
314,629,-0.04710237
315,630,1.0072521
316,637,0.38724107
317,638,0.4567483
318,643,0.7045724
319,645,0.8600192
320,646,1.6401012
321,648,0.41369045
322,652,0.5465871
323,653,0.84153885
324,654,1.1971986
325,656,1.268143
326,657,0.5554685
327,659,0.04663895
328,660,1.1338707
329,663,-0.07496841
330,664,1.0431396
331,666,1.0207113
332,668,1.2397321
333,669,0.47029036
334,671,0.21059349
335,675,-0.031694856
336,677,0.4610622
337,678,0.88671356
338,679,0.7837048
339,682,0.4116987
340,685,1.163079
341,687,0.12850595
342,688,0.31141347
343,693,1.2410322
344,696,0.37714946
345,698,0.1011381
346,701,0.42137384
347,704,1.2547963
348,705,1.5084115
349,709,1.168298
350,710,0.13751933
351,711,0.7843992
352,712,0.702385
353,714,1.2334794
354,715,0.24373399
355,716,1.3116466
356,717,0.14195646
357,720,1.4704157
358,721,0.5158724
359,724,0.38571972
360,725,0.1686528
361,726,1.0392433
362,728,0.78814167
363,731,0.5161423
364,734,1.0814184
365,738,0.04686997
366,745,1.4278973
367,746,-0.0154573405
368,751,-0.8861615
369,754,0.08040567
370,756,0.48482606
371,758,0.43326962
372,759,0.9860379
373,761,1.5836982
374,766,0.48839527
375,767,1.46496
376,768,-0.19102441
377,769,0.57782155
378,770,0.11637164
379,771,-0.21883017
380,772,0.8202049
381,773,0.1823441
382,774,1.1331261
383,776,1.104988
384,777,0.782703
385,780,1.3395443
386,782,1.0786357
387,787,1.074236
388,788,0.30239952
389,792,-0.1337736
390,793,1.3121637
391,798,0.61242336
392,800,-0.19464703
393,806,1.3116466
394,809,1.1623241
395,811,0.68204314
396,812,-0.078563295
397,814,1.5307559
398,816,1.1106423
399,817,0.7575471
400,818,0.93244815
401,820,0.6942688
402,823,0.23633859
403,829,0.03279737
404,830,1.1599454
405,831,-0.097533904
406,834,1.3302805
407,839,0.34716937
408,841,-0.39137185
409,844,1.0499035
410,845,0.32138962
411,848,0.12551193
412,850,0.8410533
413,851,0.9315453
414,852,0.18448347
415,854,0.16205576
416,855,0.53792185
417,856,1.1253779
418,859,0.71961564
419,861,1.1331261
420,864,0.1399463
421,865,1.0745511
422,866,0.11608786
423,867,0.1282825
424,869,0.35624588
425,871,-0.107540175
426,872,1.3116466
427,882,0.96659034
428,883,0.45079833
429,885,0.56962687
430,888,0.3620176
431,893,1.3057629
432,901,0.9043685
433,903,1.0000783
434,904,0.1889493
435,905,0.96010906
436,910,0.8356441
437,911,1.2731322
438,914,0.6808847
439,918,0.5653589
440,921,-0.12675518
441,928,0.15596205
442,929,0.9361485
443,932,0.70535725
444,933,0.91172355
445,934,0.8356441
446,935,1.4280654
447,937,-0.34894082
448,939,0.36082983
449,940,0.83269536
450,941,0.3009284
451,942,1.1608075
452,943,0.073111854
453,944,0.7936862
454,947,1.3116466
455,949,1.2583197
456,951,0.9766181
457,952,0.9767104
458,953,1.0000783
459,954,-0.8873614
460,957,1.102373
461,959,0.07553365
462,960,1.1382297
463,963,1.5307559
464,965,1.3116466
465,967,0.99632686
466,971,0.18792476
467,972,-1.0042101
468,973,0.12179492
469,974,1.1645815
470,975,0.57477665
471,978,1.031664
472,980,1.1789664
473,981,0.052402522
474,984,0.70249695
475,986,0.8356441
476,988,-0.19102441
477,989,1.304926
478,990,1.1587714
479,992,0.9043685
480,996,0.8942098
481,999,1.1397604
482,1000,0.30017012
483,1001,1.0745511
484,1002,-0.11037491
485,1003,1.104988
486,1004,-0.07579295
487,1008,1.3465577
488,1009,0.19811809
489,1010,1.3092687
490,1012,1.2517277
491,1013,0.08209952
492,1014,0.74234015
493,1015,-0.10396653
494,1016,1.4764315
495,1019,-0.088191785
496,1020,0.989845
497,1021,0.8356441
498,1022,1.2074574
499,1024,0.8356441
500,1025,-0.48450768
501,1027,0.41308433
502,1028,0.87703717
503,1029,0.3605632
504,1030,0.5746427
505,1033,1.2476664
506,1036,0.52996296
507,1037,1.3218551
508,1038,0.10616663
509,1042,0.36082983
510,1043,0.74963456
511,1044,0.34934515
512,1045,1.3415599
513,1047,1.1539717
514,1050,0.34970203
515,1051,1.3005552
516,1054,0.2449581
517,1056,0.052402522
518,1057,0.37688792
519,1059,0.34043077
520,1062,0.6231695
521,1063,1.0464567
522,1064,0.052402522
523,1066,0.15533921
524,1070,1.1645399
525,1076,1.3558518
526,1077,0.5075767
527,1078,1.162524
528,1080,1.3588722
529,1082,0.72428435
530,1083,0.3677125
531,1089,0.71750736
532,1091,0.37342706
533,1093,0.26029995
534,1097,0.12514852
535,1099,-0.0012024334
536,1101,0.788498
537,1103,0.5744449
538,1104,1.4226593
539,1106,0.9334081
540,1109,0.37694228
541,1110,1.3638031
542,1111,0.6904899
543,1112,0.93460494
544,1114,0.34645557
545,1116,-0.009320195
546,1117,0.97699016
547,1120,0.5175384
548,1124,1.1329424
549,1125,-0.07346489
550,1126,1.5452493
551,1134,1.2677191
552,1137,0.051598094
553,1138,1.3949727
554,1144,1.3721777
555,1145,0.529419
556,1146,0.28159952
557,1148,0.5780668
558,1150,0.55996233
559,1152,1.0492333
560,1153,0.55757207
561,1154,1.0013865
562,1155,0.33849436
563,1157,0.42780507
564,1162,0.35161522
565,1165,1.1927084
566,1166,0.2733062
567,1167,1.1885542
568,1168,0.8035936
569,1169,0.70558625
570,1171,1.6267241
571,1172,0.24100141
572,1173,0.70558625
573,1174,0.26397207
574,1176,0.57701224
575,1177,0.86562425
576,1178,0.21101221
577,1182,1.1594614
578,1186,0.83776444
579,1187,0.99052066
580,1188,0.08159171
581,1189,1.3661917
582,1191,0.8630604
583,1192,0.32332736
584,1197,1.4092494
585,1198,0.15321678
586,1200,-1.0620418
587,1201,0.40790027
588,1203,-0.007498692
589,1209,1.5704588
590,1214,0.95680016
591,1218,0.97508126
592,1222,0.10568293
593,1226,0.55561155
594,1228,0.1738373
595,1230,0.23949964
596,1232,-0.80523837
597,1233,0.4998309
598,1236,1.1540649
599,1238,0.044457536
600,1241,1.3721777
601,1244,0.7257653
602,1246,0.012610874
603,1247,0.9773142
604,1250,1.2387341
605,1251,0.016810946
606,1254,0.52316755
607,1255,0.04097885
608,1256,0.9965723
609,1257,-0.34778982
610,1258,0.66659516
611,1259,1.3055395
612,1260,0.68021435
613,1263,1.4140006
614,1267,-0.6819362
615,1268,0.90570194
616,1271,0.27692923
617,1272,1.347063
618,1274,1.063274
619,1275,0.35161522
620,1276,1.3374249
621,1277,0.06016848
622,1279,0.28159952
623,1281,0.9098262
624,1282,0.08159171
625,1283,1.2878681
626,1285,0.98000497
627,1286,0.019767385
628,1289,1.3784012
629,1296,0.7617404
630,1299,0.56733984
631,1301,0.89749795
632,1306,0.18728475
633,1307,0.16623598
634,1308,0.30707398
635,1313,1.3374249
636,1314,0.32695308
637,1315,1.3638031
638,1316,0.42635852
639,1317,1.3794607
640,1319,0.024728782
641,1323,0.8591996
642,1324,1.1736964
643,1325,0.20590927
644,1328,0.7616991
645,1329,0.18950903
646,1330,1.1431497
647,1331,0.48152685
648,1332,0.7570483
649,1337,0.54339266
650,1338,0.91816264
651,1339,0.061046485
652,1340,1.0555592
653,1343,0.61471
654,1347,0.9463065
655,1348,0.10114839
656,1349,1.1994596
657,1352,0.33557147
658,1354,0.4663394
659,1359,1.1017554
660,1360,0.8170549
661,1363,1.368405
662,1364,0.4079749
663,1365,0.907052
664,1366,0.4136685
665,1372,0.71594214
666,1375,0.5909412
667,1376,0.32856
668,1378,-0.15282655
669,1379,0.848512
670,1380,0.8092845
671,1381,0.7487903
672,1384,0.91895837
673,1387,0.5884264
674,1388,1.1675215
675,1392,-0.44935003
676,1394,0.58740145
677,1395,0.566185
678,1396,1.393768
679,1398,0.29586774
680,1399,1.393768
681,1400,0.3492846
682,1401,0.11777836
683,1403,0.17694193
684,1404,0.5386387
685,1406,1.393768
686,1407,0.3318192
687,1408,1.424482
688,1410,-0.6427073
689,1412,1.3559872
690,1413,0.26508582
691,1415,0.26744178
692,1420,1.424482
693,1422,1.0083926
694,1423,0.56175405
695,1424,1.424482
696,1425,0.7738945
697,1426,-0.6427073
698,1427,-0.014509744
699,1429,0.0677895
700,1430,1.3383276
701,1431,0.4392838
702,1432,0.7281871
703,1434,1.2343354
704,1437,0.24693671
705,1438,1.0658653
706,1440,1.3165867
707,1441,1.2098044
708,1442,0.18660823
709,1444,1.241172
710,1445,0.24567035
711,1446,1.0504692
712,1448,0.122635975
713,1453,0.049134374
714,1454,1.3559872
715,1455,0.3203924
716,1456,0.9499276
717,1458,1.3559872
718,1459,0.054538913
719,1461,0.6218291
720,1465,0.5884264
721,1466,1.116339
722,1469,0.85189193
723,1472,0.049134374
724,1474,0.2631745
725,1477,0.8233788
726,1479,0.6391209
727,1482,0.5689585
728,1483,-0.8302123
729,1487,0.39042354
730,1488,1.1938466
731,1490,1.2143551
732,1492,1.0764993
733,1494,1.3847502
734,1496,0.49527562
735,1497,0.672843
736,1499,0.21592782
737,1502,0.06930626
738,1507,0.7211316
739,1508,0.33557147
740,1509,0.60036474
741,1511,-0.026946317
742,1512,0.9666789
743,1513,1.3879653
744,1514,0.88839966
745,1518,1.1992947
746,1519,-0.08474163
747,1522,1.4504758
748,1524,-0.98979336
749,1527,0.18660823
750,1529,0.03494251
751,1532,1.2045046
752,1536,1.0897629
753,1537,1.5993108
754,1539,0.5138176
755,1542,1.5097293
756,1543,0.32856
757,1544,1.0763439
758,1545,-0.29410964
759,1550,0.3855163
760,1551,0.9694978
761,1554,0.5559127
762,1556,1.0812277
763,1559,-0.31063527
764,1560,-1.0501561
765,1562,0.11495335
766,1566,-0.08349181
767,1567,1.107067
768,1569,1.1491271
769,1570,0.92866105
770,1571,1.3790673
771,1574,0.33557147
772,1578,1.1047679
773,1580,0.050540186
774,1583,0.7340234
775,1584,0.33557147
776,1585,0.78476334
777,1586,0.7929116
778,1587,1.1328903
779,1588,-0.1953997
780,1590,1.213709
781,1592,1.1866974
782,1596,0.71482056
783,1598,1.3555597
784,1599,0.27159488
785,1604,1.0646229
786,1606,1.0625842
787,1607,0.26508582
788,1608,0.38427597
789,1609,1.6662496
790,1611,0.10709115
791,1613,0.49995965
792,1616,0.4950388
793,1619,1.2214665
794,1620,-0.11962893
795,1621,1.049486
796,1622,0.24594694
797,1625,0.9284381
798,1627,1.6662496
799,1629,1.2478212
800,1634,0.28975883
801,1636,0.18851158
802,1638,1.1737156
803,1639,0.22737612
804,1641,-0.021007448
805,1643,0.6103471
806,1644,0.8342489
807,1645,1.3785175
808,1646,0.9167673
809,1647,0.61873573
810,1648,0.12850972
811,1652,0.050540186
812,1653,1.2906655
813,1656,-0.16931841
814,1658,0.27159488
815,1659,1.3761772
816,1661,1.1948048
817,1663,0.26508582
818,1664,1.1346356
819,1665,0.31558132
820,1666,1.0812277
821,1667,0.42160255
822,1668,-0.97138876
823,1669,0.34527114
824,1670,0.5215972
825,1672,1.19528
826,1674,0.7718774
827,1677,1.1938466
828,1678,-0.14497943
829,1679,1.2164499
830,1680,0.68283343
831,1683,0.9547754
832,1686,0.9175862
833,1687,0.9717105
834,1689,1.1871186
835,1690,0.089320086
836,1691,1.5463897
837,1692,1.1422068
838,1693,0.33557147
839,1695,0.29153597
840,1696,0.049134374
841,1697,1.3540156
842,1700,1.0812277
843,1701,0.43111068
844,1702,1.1171988
845,1703,-0.12661742
846,1704,1.3532878
847,1706,0.32669216
848,1707,0.74008006
849,1708,0.050279845
850,1710,0.27230498
851,1711,0.8582849
852,1713,1.2327068
853,1717,0.8548396
854,1719,1.1047679
855,1720,0.3956663
856,1722,0.353302
857,1725,1.0849386
858,1726,0.10720263
859,1727,0.53331935
860,1729,1.4091656
861,1730,0.11657944
862,1731,1.4258524
863,1733,1.0812277
864,1734,0.32522696
865,1735,1.0083926
866,1738,0.49995965
867,1742,0.86389893
868,1745,0.7718774
869,1747,0.45693338
870,1749,0.25590518
871,1751,0.13867122
872,1752,-1.0641001
873,1753,0.60448414
874,1754,0.40678254
875,1755,0.21498962
876,1756,0.5260945
877,1758,1.0830147
878,1759,0.35091102
879,1760,0.5000491
880,1761,1.3112401
881,1762,0.078058876
882,1763,1.0560399
883,1764,0.5925655
884,1766,0.49455613
885,1768,0.27336127
886,1769,-0.6421551
887,1771,1.2956495
888,1772,0.6697362
889,1773,0.99060196
890,1774,0.5075863
891,1775,1.4589977
892,1777,0.9835873
893,1779,0.35091102
894,1780,0.4972305
895,1787,-0.093133174
896,1788,0.13647477
897,1790,0.1652841
898,1796,1.096721
899,1801,0.049256835
900,1803,0.17143683
901,1807,1.1486641
902,1809,1.037065
903,1812,0.12781265
904,1813,0.7568546
905,1814,0.8708157
906,1815,1.3528057
907,1816,-0.025826063
908,1818,0.16703098
909,1820,-0.060260978
910,1821,1.2040045
911,1822,0.22529165
912,1825,0.23973018
913,1826,0.9170482
914,1828,-0.0007269038
915,1831,1.1272185
916,1836,0.61113346
917,1837,0.27895233
918,1841,0.29483175
919,1844,1.102969
920,1848,0.20602365
921,1851,0.5645898
922,1852,0.4494756
923,1853,-0.03363016
924,1854,0.96678907
925,1856,0.63079137
926,1859,1.0589361
927,1860,0.17669734
928,1861,-0.76639575
929,1863,0.93777925
930,1865,0.315948
931,1866,0.48539633
932,1867,0.66249174
933,1868,-0.057715315
934,1872,0.32589722
935,1879,0.7587003
936,1880,1.010542
937,1882,0.30622408
938,1885,1.0093534
939,1887,0.96816343
940,1888,0.060624253
941,1890,0.64701337
942,1894,0.53738886
943,1895,1.0514319
944,1896,0.040579837
945,1897,1.2387763
946,1900,0.7831414
947,1901,-0.31852216
948,1902,1.057907
949,1905,0.12093822
950,1906,1.396578
951,1912,1.0683554
952,1915,0.087567545
953,1916,1.3169179
954,1917,0.28979522
955,1918,0.92983645
956,1920,-1.0436673
957,1923,0.5038333
958,1924,0.53246933
959,1925,0.19810224
960,1930,1.6959125
961,1932,1.4338571
962,1933,0.9704501
963,1934,1.1451453
964,1935,-0.25400054
965,1940,-0.6844503
966,1941,0.17689371
967,1942,1.3581511
968,1943,0.21742542
969,1944,-0.051218063
970,1945,0.8371145
971,1948,1.6064907
972,1949,0.050427843
973,1952,0.71888703
974,1954,0.36953023
975,1955,1.4628316
976,1958,0.24321273
977,1959,-0.31249312
978,1960,1.0560399
979,1963,0.3244246
980,1965,0.56399137
981,1968,0.54927844
982,1969,0.41671437
983,1971,0.32213318
984,1972,1.636083
985,1973,-0.09435312
986,1975,-0.062186312
987,1977,0.7335444
988,1978,0.11560593
989,1979,1.2916278
990,1981,-0.10578129
991,1982,1.3896297
992,1987,1.3827559
993,1988,-0.07152279
994,1993,1.1111909
995,1997,0.22152254
996,1999,0.16620356
997,2001,0.53725404
998,2002,1.1923451
999,2003,0.15703787
1000,2004,-0.5961638
1001,2006,1.4133954
1002,2007,0.31812412
1003,2009,0.5543453
1004,2010,0.39617348
1005,2013,0.78187513
1006,2018,-0.13554262
1007,2022,0.7085802
1008,2024,1.1063153
1009,2025,0.3109124
1010,2026,1.175177
1011,2030,0.5688834
1012,2031,0.3287489
1013,2032,1.0683554
1014,2033,0.22878362
1015,2035,0.7304813
1016,2036,1.3743978
1017,2037,-0.046181004
1018,2040,0.48562378
1019,2043,1.0887786
1020,2044,0.7834479
1021,2046,1.1098808
1022,2054,0.8737834
1023,2055,0.39526048
1024,2056,0.4972305
1025,2059,0.20034358
1026,2060,-0.31852216
1027,2062,0.2969776
1028,2063,1.5654477
1029,2066,0.53738886
1030,2067,1.0247324
1031,2072,-0.0848594
1032,2073,1.263045
1033,2074,0.58972317
1034,2075,0.87444526
1035,2076,0.22275229
1036,2080,0.29574797
1037,2082,-0.31852216
1038,2085,0.70183367
1039,2087,0.99990875
1040,2091,1.2278823
1041,2092,0.7272342
1042,2093,0.4972305
1043,2098,0.78799236
1044,2101,1.0560399
1045,2102,0.14399701
1046,2103,-0.6844503
1047,2105,0.48313752
1048,2106,0.35091344
1049,2107,0.8152451
1050,2110,0.43862024
1051,2114,0.09895666
1052,2115,1.2699969
1053,2117,-0.13033393
1054,2118,0.16443437
1055,2119,1.0735172
1056,2120,0.009726134
1057,2122,0.6245879
1058,2123,1.1505035
1059,2126,0.27575362
1060,2127,1.0430523
1061,2128,0.381373
1062,2129,1.3478719
1063,2132,0.6379413
1064,2135,1.1367384
1065,2138,0.7930375
1066,2139,1.6959125
1067,2141,1.1979271
1068,2142,0.30562633
1069,2146,0.6525014
1070,2151,1.3620089
1071,2157,1.3031212
1072,2159,0.8533775
1073,2162,0.31055725
1074,2164,1.529716
1075,2167,-0.13879345
1076,2168,1.2692018
1077,2171,0.43061948
1078,2173,0.18897633
1079,2174,1.0412123
1080,2175,0.20324762
1081,2178,0.2859705
1082,2180,0.4396032
1083,2185,1.3046569
1084,2189,-0.046420734
1085,2190,0.9935394
1086,2192,1.1034236
1087,2194,1.0708574
1088,2200,0.7055864
1089,2201,-0.057820093
1090,2203,1.3284639
1091,2204,0.017428689
1092,2205,1.3015218
1093,2209,1.0674251
1094,2213,0.81888014
1095,2214,0.044144917
1096,2215,1.1944859
1097,2216,0.0124684395
1098,2218,0.13639593
1099,2219,1.0899936
1100,2220,0.81654996
1101,2222,-0.25254384
1102,2223,1.3627888
1103,2225,1.1558454
1104,2226,0.19840512
1105,2230,1.1423086
1106,2233,0.9808416
1107,2234,1.1408447
1108,2235,0.017428689
1109,2236,-1.265814
1110,2237,0.18326743
1111,2240,1.1457125
1112,2241,0.56746274
1113,2248,0.8781181
1114,2249,0.4930495
1115,2250,0.6988755
1116,2252,1.3698021
1117,2253,-0.03278574
1118,2254,1.3228463
1119,2256,-1.2161182
1120,2258,-0.14889956
1121,2259,0.67593366
1122,2262,0.44963962
1123,2265,0.23590925
1124,2266,1.0491848
1125,2269,0.9068159
1126,2271,0.54789674
1127,2273,-0.19592284
1128,2274,0.93241405
1129,2275,-0.054914277
1130,2277,0.05005988
1131,2279,0.017428689
1132,2280,-1.1984723
1133,2282,0.4396032
1134,2283,0.9708612
1135,2288,-0.2447393
1136,2289,1.1294318
1137,2291,-0.0001791073
1138,2292,1.646298
1139,2297,0.7489156
1140,2298,0.80482
1141,2299,0.11743107
1142,2300,1.4559512
1143,2301,-0.11340982
1144,2304,0.3674411
1145,2305,0.60265046
1146,2306,0.44963962
1147,2308,0.12571359
1148,2309,0.6966484
1149,2311,0.676346
1150,2312,0.6848316
1151,2316,1.037219
1152,2321,0.8019622
1153,2322,1.2160257
1154,2325,1.0892096
1155,2326,0.24811643
1156,2329,1.646298
1157,2330,0.060836595
1158,2331,0.64992076
1159,2332,0.9705071
1160,2333,0.44963962
1161,2334,1.1452495
1162,2335,1.0063506
1163,2337,0.9043921
1164,2338,0.43952435
1165,2340,0.9705071
1166,2342,-0.16147359
1167,2345,-0.062878
1168,2349,0.4642263
1169,2351,-1.1108634
1170,2352,-0.12565294
1171,2354,1.328986
1172,2355,1.4377626
1173,2357,1.1558454
1174,2358,0.09799907
1175,2360,0.90228444
1176,2361,1.328986
1177,2364,0.18485814
1178,2366,0.20056778
1179,2369,0.5804289
1180,2370,0.7034719
1181,2371,0.9716263
1182,2373,0.74261886
1183,2374,0.72545946
1184,2376,1.0889724
1185,2378,1.1114912
1186,2382,0.5002514
1187,2383,-0.067559265
1188,2386,0.9849663
1189,2387,0.3535099
1190,2389,-0.10757657
1191,2390,0.8231863
1192,2392,0.056306005
1193,2398,0.9705071
1194,2399,-0.052445736
1195,2400,-0.07966522
1196,2401,1.1000662
1197,2402,0.20443697
1198,2404,0.03918657
1199,2407,0.72111565
1200,2408,0.85639894
1201,2409,0.77787304
1202,2412,-0.33705142
1203,2413,0.7018723
1204,2415,0.2896325
1205,2420,0.7100077
1206,2422,1.0403526
1207,2423,1.0451235
1208,2426,0.06879478
1209,2432,-0.052378584
1210,2434,0.098180786
1211,2435,-0.096355
1212,2436,1.0805991
1213,2438,1.1221393
1214,2440,1.2134956
1215,2443,1.0839514
1216,2444,-0.08111157
1217,2447,0.8781181
1218,2450,0.1302801
1219,2454,0.5616405
1220,2455,1.2971427
1221,2459,0.44963962
1222,2460,0.7790346
1223,2463,0.96097857
1224,2465,0.66901493
1225,2468,-0.72643
1226,2469,0.04635698
1227,2474,-0.08453296
1228,2478,0.20838697
1229,2480,0.012456678
1230,2481,1.1457125
1231,2489,0.4396032
1232,2490,0.49118668
1233,2492,-0.30130383
1234,2496,0.44963962
1235,2497,0.7957619
1236,2500,-0.019079205
1237,2505,0.4006291
1238,2507,0.56070906
1239,2508,1.3015218
1240,2509,0.16315225
1241,2510,-0.39519548
1242,2513,-0.18539517
1243,2515,0.4396032
1244,2518,-0.067559265
1245,2519,0.6413812
1246,2520,-0.067559265
1247,2521,0.7556501
1248,2523,0.8570716
1249,2525,0.18679109
1250,2529,1.2657531
1251,2530,0.06915805
1252,2533,1.0648323
1253,2535,0.16464603
1254,2538,0.60408133
1255,2544,1.0601944
1256,2553,1.5163578
1257,2556,0.38916627
1258,2558,0.048274864
1259,2559,1.1515132
1260,2560,0.15990126
1261,2561,1.3768617
1262,2562,0.014524121
1263,2563,1.5387495
1264,2564,0.23202445
1265,2565,1.0257572
1266,2567,1.0082471
1267,2572,0.21773413
1268,2575,0.13473648
1269,2576,1.3449727
1270,2577,0.09892822
1271,2578,0.45414394
1272,2579,1.3887255
1273,2580,-0.045283794
1274,2582,1.255776
1275,2583,0.13399689
1276,2587,0.2789562
1277,2589,1.3655019
1278,2590,0.49185973
1279,2591,1.2657531
1280,2594,0.05345513
1281,2597,0.5364872
1282,2598,1.1419786
1283,2599,0.44571236
1284,2600,0.750485
1285,2602,1.0639113
1286,2603,0.21773413
1287,2604,0.37105122
1288,2606,0.90356344
1289,2607,-1.0645208
1290,2608,-0.098812796
1291,2613,1.3693007
1292,2614,0.030965723
1293,2615,1.3952874
1294,2617,1.5404453
1295,2620,0.57928926
1296,2623,1.0113813
1297,2624,0.10377834
1298,2627,1.3693007
1299,2629,-1.0645208
1300,2630,-0.0774842
1301,2632,0.47920763
1302,2636,0.05361135
1303,2639,0.94704425
1304,2640,1.0544984
1305,2642,1.2657531
1306,2644,1.1288215
1307,2646,0.8990653
1308,2647,-0.007517877
1309,2649,0.37932897
1310,2650,1.1158097
1311,2652,1.0813907
1312,2653,0.43480897
1313,2655,1.27524
1314,2657,1.0137442
1315,2659,1.4237815
1316,2662,-0.013802613
1317,2663,1.2235684
1318,2664,1.0218693
1319,2665,1.0891844
1320,2670,0.44892222
1321,2671,1.0500177
1322,2672,0.26888844
1323,2675,1.0813907
1324,2677,0.88802564
1325,2679,0.8678438
1326,2683,1.3926231
1327,2684,-0.05921046
1328,2685,0.64391214
1329,2688,1.0370616
1330,2689,0.9668941
1331,2690,1.1324267
1332,2693,0.5828436
1333,2694,0.70456153
1334,2697,0.659723
1335,2699,0.18249176
1336,2703,0.19590382
1337,2705,0.9182059
1338,2709,-0.11604249
1339,2710,0.4529178
1340,2711,1.1587161
1341,2712,0.3310616
1342,2713,1.037863
1343,2714,0.79499704
1344,2715,0.052796397
1345,2717,-0.11871483
1346,2718,1.0838399
1347,2720,1.1017908
1348,2721,0.40065128
1349,2726,0.22283913
1350,2728,0.17283067
1351,2731,1.1432894
1352,2732,1.3943154
1353,2734,0.10083048
1354,2736,1.0259811
1355,2737,0.4958316
1356,2738,1.1520048
1357,2739,0.82953256
1358,2746,0.23876083
1359,2749,1.1745422
1360,2751,1.3880535
1361,2752,1.2182833
1362,2753,0.24876341
1363,2757,0.52606064
1364,2758,0.2564819
1365,2759,0.94901323
1366,2760,0.60485643
1367,2762,1.389392
1368,2764,0.281792
1369,2765,1.1762127
1370,2769,1.2113743
1371,2771,1.448594
1372,2774,0.061018717
1373,2776,0.5609861
1374,2777,0.7992007
1375,2778,-0.2854361
1376,2779,1.4093904
1377,2782,-0.14745288
1378,2784,0.27554944
1379,2787,0.94330853
1380,2789,0.4717197
1381,2792,0.63695306
1382,2798,0.25252
1383,2799,1.1860074
1384,2800,0.4774411
1385,2801,-0.42508185
1386,2802,0.07813172
1387,2804,0.1319225
1388,2807,0.9530793
1389,2808,0.8719408
1390,2809,0.8710045
1391,2811,1.4629549
1392,2812,0.23156896
1393,2814,-0.17695928
1394,2816,0.3629521
1395,2817,1.2490076
1396,2818,0.90739155
1397,2820,1.14489
1398,2821,-0.049801927
1399,2822,0.14769001
1400,2823,0.97444445
1401,2824,0.47356862
1402,2826,0.30511874
1403,2829,-0.30872947
1404,2834,0.14171089
1405,2835,-0.40467542
1406,2838,0.8500642
1407,2839,1.3795122
1408,2840,0.09034538
1409,2841,1.0086088
1410,2842,0.54674727
1411,2846,1.1759424
1412,2848,0.9297208
1413,2849,0.22441134
1414,2850,0.79499704
1415,2851,0.39205545
1416,2853,0.06372582
1417,2854,1.2657531
1418,2858,1.4131072
1419,2861,0.74903387
1420,2864,-0.2454766
1421,2865,1.2235684
1422,2866,1.3738964
1423,2867,-0.089609005
1424,2868,1.2395527
1425,2870,1.3356756
1426,2877,0.5010723
1427,2878,1.3693007
1428,2880,1.1949635
1429,2882,-1.0229346
1430,2883,0.3729748
1431,2884,0.79686683
1432,2885,0.14717144
1433,2887,0.53418154
1434,2888,1.2067944
1435,2889,0.24027394
1436,2890,1.1175079
1437,2891,0.71761763
1438,2892,1.5797102
1439,2893,0.3350769
1440,2898,1.1656138
1441,2899,1.0178422
1442,2900,1.4649633
1443,2901,0.16899988
1444,2909,0.87369335
1445,2910,1.1811966
1446,2911,1.3720995
1447,2913,0.7751401
1448,2914,0.4097994
1449,2918,-0.15920001
1450,2919,1.3197505
1451,2920,-0.030654635
1452,2921,1.3693007
1453,2922,0.37241372
1454,2923,0.6019235
1455,2925,0.8465414
1456,2926,-0.079742715
1457,2927,1.2751385
1458,2929,1.2541006
1459,2933,0.31052727
1460,2934,0.69931966
1461,2936,0.7324901
1462,2941,0.6421875
1463,2942,0.38877356
1464,2943,0.98607856
1465,2945,1.213555
1466,2950,0.09315571
1467,2951,1.4173082
1468,2953,0.97517926
1469,2954,0.62764806
1470,2955,1.158232
1471,2956,0.1326028
1472,2960,0.518863
1473,2962,0.007925914
1474,2963,0.70354027
1475,2964,1.0465722
1476,2966,-1.1455185
1477,2967,0.22067437
1478,2968,0.7176338
1479,2969,-0.09087724
1480,2971,0.17106313
1481,2972,0.777703
1482,2974,0.8459104
1483,2975,0.8027548
1484,2977,1.366366
1485,2980,1.3048357
1486,2981,-0.076671146
1487,2983,0.8935645
1488,2984,0.666785
1489,2985,1.6751302
1490,2986,0.3674503
1491,2987,0.777703
1492,2989,0.06217676
1493,2990,1.4070915
1494,2991,0.57785976
1495,2992,-0.68450135
1496,2995,0.5621151
1497,2996,0.5776747
1498,3002,0.8732017
1499,3004,1.4746797
1500,3005,1.6503857
1501,3006,0.26930186
1502,3010,0.24723211
1503,3011,1.0789562
1504,3014,-0.14285572
1505,3015,0.4676627
1506,3016,0.28014183
1507,3017,0.6042986
1508,3018,0.04802044
1509,3021,0.97525173
1510,3024,1.0945021
1511,3028,0.1452577
1512,3030,-0.3318717
1513,3032,0.39906585
1514,3039,0.017540187
1515,3040,1.117941
1516,3041,0.44920635
1517,3043,0.11090209
1518,3044,1.0322402
1519,3046,0.9707813
1520,3055,0.1722731
1521,3056,1.3399023
1522,3058,-0.08220615
1523,3059,0.9390071
1524,3061,1.581607
1525,3063,0.91616374
1526,3066,0.5490651
1527,3067,1.0945021
1528,3068,-1.2440594
1529,3069,0.38870814
1530,3072,1.4104171
1531,3073,1.1398393
1532,3074,0.38887018
1533,3077,-0.041072417
1534,3082,0.41256827
1535,3084,0.5621151
1536,3085,0.7451167
1537,3088,1.09743
1538,3091,0.14933884
1539,3092,1.4962187
1540,3093,0.24964756
1541,3094,1.0607324
1542,3096,1.086321
1543,3097,0.088576265
1544,3098,-1.0003232
1545,3102,1.4557327
1546,3106,-0.08225943
1547,3109,-0.055800688
1548,3111,0.110246725
1549,3112,1.6503857
1550,3113,0.32046923
1551,3115,-0.1324369
1552,3116,1.3494554
1553,3117,0.6925332
1554,3121,0.94202405
1555,3122,0.65167373
1556,3123,0.04423051
1557,3124,0.49289212
1558,3125,0.28014183
1559,3126,0.92088497
1560,3127,1.5313936
1561,3129,-0.105512515
1562,3130,1.2480141
1563,3132,0.52699995
1564,3134,0.93138534
1565,3135,0.3910183
1566,3137,-0.7581788
1567,3138,0.48504606
1568,3140,0.09452373
1569,3144,0.73360044
1570,3145,0.29224554
1571,3146,1.363563
1572,3147,0.31304663
1573,3148,0.840154
1574,3149,1.088863
1575,3150,1.3630153
1576,3151,0.04355671
1577,3152,0.62207985
1578,3155,0.46236452
1579,3156,0.74187505
1580,3159,-0.061285395
1581,3161,0.78311163
1582,3162,1.220162
1583,3163,0.37503564
1584,3165,0.9727759
1585,3172,0.5131684
1586,3173,0.7902799
1587,3176,0.63323647
1588,3177,0.9006792
1589,3179,0.8027548
1590,3183,0.24290983
1591,3186,0.030007426
1592,3187,1.0187012
1593,3189,1.2700204
1594,3190,0.10223446
1595,3192,1.5313936
1596,3193,0.5131684
1597,3194,1.3675989
1598,3197,0.34873337
1599,3198,0.25720277
1600,3200,0.09362133
1601,3201,1.5798359
1602,3202,0.25720277
1603,3204,0.4153515
1604,3205,-0.11113701
1605,3206,0.89483947
1606,3208,1.0769981
1607,3210,1.0117084
1608,3211,0.6723993
1609,3212,1.581607
1610,3213,0.22603898
1611,3214,0.9209218
1612,3216,1.0563016
1613,3219,-0.10505935
1614,3220,1.1586583
1615,3221,0.32046923
1616,3226,1.329018
1617,3227,0.66561997
1618,3228,0.6774163
1619,3229,0.21123536
1620,3232,-0.7352887
1621,3233,0.21935967
1622,3234,0.23330711
1623,3236,0.83384496
1624,3238,1.2364467
1625,3239,0.8990817
1626,3240,0.5873101
1627,3247,1.3054849
1628,3249,0.8987611
1629,3252,1.1073998
1630,3253,0.59515744
1631,3254,0.94713306
1632,3255,0.9313039
1633,3256,0.969076
1634,3257,0.10322145
1635,3262,0.5323204
1636,3263,1.0612558
1637,3264,0.1326028
1638,3266,1.2901427
1639,3267,0.7679016
1640,3269,0.5509247
1641,3272,1.6751302
1642,3274,0.34873337
1643,3275,0.854258
1644,3277,0.718666
1645,3279,0.33197963
1646,3280,0.91340166
1647,3283,0.5164164
1648,3285,0.4720633
1649,3287,0.36117965
1650,3288,1.0945021
1651,3290,0.7217675
1652,3291,0.2152397
1653,3298,1.3686996
1654,3299,0.2696736
1655,3302,0.9195297
1656,3303,0.24109653
1657,3304,0.58789027
1658,3307,0.09051388
1659,3309,-0.0062715774
1660,3314,-1.2273238
1661,3316,1.0785481
1662,3317,0.25414324
1663,3319,0.16564947
1664,3320,1.2942239
1665,3321,0.16871834
1666,3322,1.0843381
1667,3324,0.016385157
1668,3326,-0.30607605
1669,3329,0.9997258
1670,3330,0.17761469
1671,3331,1.3982222
1672,3335,1.5470246
1673,3337,0.8105454
1674,3338,0.44088772
1675,3339,0.80157596
1676,3340,1.1708946
1677,3341,0.15934187
1678,3343,0.11127313
1679,3346,-0.13372517
1680,3348,0.15135323
1681,3351,1.1632694
1682,3352,1.6522485
1683,3355,-0.1197437
1684,3356,0.8324387
1685,3358,0.7818554
1686,3359,0.47821474
1687,3360,0.68252414
1688,3371,0.5966061
1689,3372,0.40329012
1690,3374,0.61068755
1691,3377,0.6524849
1692,3378,-0.15796348
1693,3380,0.9378209
1694,3382,0.88616586
1695,3386,0.33049053
1696,3389,0.78564084
1697,3391,1.1489381
1698,3393,0.52243775
1699,3394,1.1675388
1700,3395,0.23391673
1701,3397,1.3439652
1702,3398,0.27380574
1703,3399,0.13985246
1704,3400,0.18468097
1705,3404,0.8385382
1706,3407,1.4885545
1707,3409,1.1632695
1708,3419,0.7584751
1709,3421,0.16354026
1710,3425,0.28847802
1711,3427,-0.2774006
1712,3428,1.6811444
1713,3429,1.4036793
1714,3431,0.5719513
1715,3435,0.36036086
1716,3436,0.85305136
1717,3439,0.44148147
1718,3441,0.42106405
1719,3442,1.6811444
1720,3443,0.5522879
1721,3444,1.2055497
1722,3445,0.20526953
1723,3446,1.0379503
1724,3449,-0.29485476
1725,3453,0.20214722
1726,3457,0.558528
1727,3460,1.1012932
1728,3461,1.0716236
1729,3462,0.1091521
1730,3464,0.9942189
1731,3465,-1.2459065
1732,3466,0.1525911
1733,3467,0.7682926
1734,3468,0.8762726
1735,3469,1.037762
1736,3470,0.49889907
1737,3472,1.2434767
1738,3473,0.40325385
1739,3475,0.09606745
1740,3476,1.4008633
1741,3478,1.0639774
1742,3479,0.6069006
1743,3483,0.18144532
1744,3484,0.92627066
1745,3485,0.42002857
1746,3487,0.08181052
1747,3488,1.5573844
1748,3496,1.4934292
1749,3497,1.0358744
1750,3499,0.48352742
1751,3500,-1.2450567
1752,3501,0.09470401
1753,3504,0.18620709
1754,3508,0.4972813
1755,3511,0.3525406
1756,3512,1.0938445
1757,3515,0.113855876
1758,3517,0.12210938
1759,3518,0.577663
1760,3526,1.3571726
1761,3528,1.2255899
1762,3529,0.35655132
1763,3530,1.417915
1764,3531,0.23397753
1765,3532,0.95223767
1766,3533,0.10646813
1767,3534,0.43150544
1768,3535,-1.113125
1769,3536,0.20808236
1770,3537,1.4726325
1771,3538,0.14558524
1772,3539,0.922502
1773,3540,1.087355
1774,3545,1.2992965
1775,3546,-0.08177557
1776,3550,1.2402323
1777,3551,0.49020362
1778,3553,0.27189502
1779,3554,1.1012932
1780,3557,0.26182902
1781,3558,1.4596354
1782,3559,-0.29485476
1783,3561,0.28148404
1784,3562,1.3439652
1785,3563,0.1503177
1786,3564,1.1632694
1787,3565,0.20526953
1788,3567,0.6833924
1789,3571,1.1632694
1790,3572,0.7368228
1791,3574,0.9474967
1792,3576,0.21390612
1793,3577,1.3577039
1794,3578,0.06464578
1795,3579,0.230287
1796,3583,0.43081176
1797,3585,0.903779
1798,3586,1.269518
1799,3587,1.0731407
1800,3593,0.26392654
1801,3594,0.7907575
1802,3595,0.023505084
1803,3599,0.15578794
1804,3600,1.0242687
1805,3601,1.2434767
1806,3602,-0.29485476
1807,3604,0.45128524
1808,3609,1.5842136
1809,3610,0.9258835
1810,3612,1.3559674
1811,3614,1.1351935
1812,3615,0.27736732
1813,3617,0.3602984
1814,3618,1.437965
1815,3619,1.4236552
1816,3620,1.4826995
1817,3621,0.27076545
1818,3625,0.342404
1819,3626,1.1996671
1820,3630,1.1943234
1821,3631,0.83722466
1822,3632,0.5944876
1823,3633,0.1830703
1824,3634,1.4374734
1825,3637,0.34250292
1826,3639,-0.029182136
1827,3640,1.1174229
1828,3641,0.18367139
1829,3644,0.83903736
1830,3645,0.27853516
1831,3646,0.17258847
1832,3647,-0.026393887
1833,3648,1.2965466
1834,3653,1.1755337
1835,3654,-0.006484107
1836,3655,1.5937146
1837,3659,1.0589896
1838,3660,0.951317
1839,3662,0.72449535
1840,3666,0.13303293
1841,3668,0.42276585
1842,3671,0.5992188
1843,3673,0.48886532
1844,3674,1.0152018
1845,3675,-0.007490785
1846,3681,0.059605222
1847,3682,1.2780284
1848,3686,0.949292
1849,3687,0.6216359
1850,3692,-0.23701641
1851,3695,1.4382663
1852,3696,0.41332096
1853,3699,1.0661206
1854,3705,1.0826305
1855,3707,-0.69056714
1856,3708,0.074764274
1857,3709,1.1568531
1858,3710,0.30646634
1859,3712,0.5502207
1860,3715,1.2258039
1861,3716,0.19554663
1862,3720,0.7751314
1863,3722,-0.69056714
1864,3726,0.2697854
1865,3728,0.6333974
1866,3729,1.1992967
1867,3731,0.98588973
1868,3735,1.4509301
1869,3736,0.20295337
1870,3739,1.0868863
1871,3741,1.320445
1872,3743,1.1162833
1873,3744,0.10184029
1874,3745,1.219686
1875,3746,0.9015247
1876,3751,0.0059359698
1877,3753,0.55365366
1878,3760,1.4438632
1879,3761,0.0476049
1880,3762,0.9272159
1881,3763,0.6720719
1882,3765,0.012429861
1883,3768,0.7273917
1884,3769,0.29689306
1885,3770,0.64865
1886,3773,1.096367
1887,3774,0.14034538
1888,3776,0.3606987
1889,3778,0.1484909
1890,3779,1.1034466
1891,3780,0.2440402
1892,3781,0.54983664
1893,3782,0.6280756
1894,3783,1.1591488
1895,3784,0.15196007
1896,3786,0.21128282
1897,3789,0.7051781
1898,3790,0.31448668
1899,3793,1.3223106
1900,3795,1.1515237
1901,3797,0.79237896
1902,3798,1.6397318
1903,3800,0.83878535
1904,3804,0.16796029
1905,3810,0.15335456
1906,3815,1.2750486
1907,3816,0.16796029
1908,3818,1.1965743
1909,3824,1.1889771
1910,3828,1.0528182
1911,3830,1.334886
1912,3831,0.5200747
1913,3832,-1.0640513
1914,3834,1.1134957
1915,3835,0.040523835
1916,3836,1.0184091
1917,3838,0.49207824
1918,3839,1.5816485
1919,3840,1.443169
1920,3845,0.06452411
1921,3846,1.3537667
1922,3847,0.15791488
1923,3849,-1.1940647
1924,3853,1.3007034
1925,3855,0.46333712
1926,3856,0.63435423
1927,3864,-0.10277889
1928,3865,0.2585875
1929,3866,1.4276354
1930,3867,0.109207265
1931,3868,0.83878535
1932,3869,0.40198398
1933,3871,0.009851244
1934,3875,1.052611
1935,3876,0.56225747
1936,3878,0.26354313
1937,3879,0.98015684
1938,3881,0.83878535
1939,3883,0.85946375
1940,3884,0.07991526
1941,3886,0.7476708
1942,3890,0.4270744
1943,3893,0.6255612
1944,3897,0.62387484
1945,3901,0.43788898
1946,3902,1.017317
1947,3913,0.68845254
1948,3914,-0.0887317
1949,3916,0.25115162
1950,3917,1.1524049
1951,3924,0.5179
1952,3925,0.25887978
1953,3928,0.29613966
1954,3929,1.4002284
1955,3932,0.43169817
1956,3933,1.088705
1957,3934,-0.46293345
1958,3935,-0.28749087
1959,3936,0.35234237
1960,3937,1.3862487
1961,3938,0.33467886
1962,3939,1.0804296
1963,3943,0.10679115
1964,3944,1.2397672
1965,3945,1.1293554
1966,3946,0.34595048
1967,3947,1.2334205
1968,3948,-0.010614789
1969,3949,1.2146356
1970,3950,0.47875142
1971,3951,0.9455597
1972,3952,0.07557204
1973,3953,0.7831258
1974,3961,1.2060148
1975,3962,0.6048209
1976,3966,0.33939224
1977,3967,1.0548159
1978,3968,0.8524366
1979,3969,1.4099964
1980,3970,0.47150394
1981,3971,0.50292856
1982,3973,0.31237477
1983,3974,1.1936466
1984,3975,1.4270806
1985,3977,-0.29109746
1986,3979,1.2796289
1987,3985,0.77719
1988,3986,0.9053689
1989,3988,1.0030061
1990,3991,0.42757738
1991,3992,0.933477
1992,3993,0.8632974
1993,3994,-0.21006443
1994,3995,1.327896
1995,4005,1.0800794
1996,4007,0.1680356
1997,4008,1.1102415
1998,4009,0.12384912
1999,4010,0.5710315
2000,4011,-0.21733806
2001,4012,0.1590528
2002,4013,0.4901441
2003,4015,1.1148423
2004,4016,0.8759044
2005,4018,0.8119162
2006,4025,0.31810814
2007,4026,0.7127898
2008,4028,0.98417044
2009,4029,0.049647037
2010,4031,0.48614198
2011,4032,1.1102575
2012,4033,0.39346734
2013,4034,0.90001935
2014,4037,0.24404234
2015,4038,1.0138764
2016,4039,0.2928162
2017,4041,0.25960577
2018,4042,0.9132541
2019,4043,0.9014245
2020,4044,1.088705
2021,4045,0.32454255
2022,4046,1.284603
2023,4047,-0.1083389
2024,4048,0.43665513
2025,4049,0.43714437
2026,4051,-0.059617292
2027,4052,1.3028523
2028,4058,1.099044
2029,4062,1.359693
2030,4064,0.93202966
2031,4067,0.14340332
2032,4068,-1.1869186
2033,4070,0.3661221
2034,4072,1.4146959
2035,4074,1.230833
2036,4075,0.5137387
2037,4076,0.96346456
2038,4077,0.006379419
2039,4078,0.675668
2040,4080,1.088705
2041,4082,0.6403349
2042,4085,0.15563211
2043,4086,0.9498116
2044,4088,0.7127898
2045,4089,0.36622888
2046,4092,-1.2253121
2047,4094,-0.018802375
2048,4095,1.3608365
2049,4096,0.24441911
2050,4097,1.1031173
2051,4102,0.05734845
2052,4105,0.57879144
2053,4107,1.2479699
2054,4111,0.45479771
2055,4112,1.2157651
2056,4113,0.120757505
2057,4114,1.2041024
2058,4115,-0.20487306
2059,4116,1.441589
2060,4117,0.35850576
2061,4118,0.25059006
2062,4119,1.4512649
2063,4120,0.17938505
2064,4122,-0.3665778
2065,4125,-0.12199982
2066,4126,1.3804203
2067,4129,1.1025485
2068,4134,0.8727918
2069,4137,0.36951455
2070,4141,0.53740996
2071,4142,0.25042477
2072,4144,0.47009537
2073,4145,0.5179
2074,4146,1.2826762
2075,4150,0.1754826
2076,4151,-0.6426146
2077,4154,0.14340332
2078,4156,0.18753505
2079,4157,1.0367631
2080,4159,0.8759044
2081,4160,0.079087764
2082,4161,1.08117
2083,4168,0.15190949
2084,4171,0.90801054
2085,4172,0.9574055
2086,4173,0.075529926
2087,4175,0.17922483
2088,4176,1.088705
2089,4177,0.47009537
2090,4178,0.8531004
2091,4179,0.67149884
2092,4181,0.6702946
2093,4183,0.049647037
2094,4184,0.5391696
2095,4185,0.033504777
2096,4186,1.372798
2097,4188,1.1347553
2098,4190,1.3673388
2099,4192,-0.064751215
2100,4193,0.71553457
2101,4194,1.2495099
2102,4195,0.8758797
2103,4196,-1.1090459
2104,4202,0.11413673
2105,4203,0.9223946
2106,4208,0.06508033
2107,4209,1.2919124
2108,4210,-0.06791217
2109,4211,1.0500323
2110,4212,1.6493886
2111,4214,0.9858797
2112,4215,0.2494319
2113,4216,1.0328878
2114,4217,-0.032223146
2115,4219,0.3287045
2116,4222,1.3862487
2117,4224,-0.76330996
2118,4231,0.8602142
2119,4232,0.049647037
2120,4234,-0.073637344
2121,4236,0.47009537
2122,4237,1.1301814
2123,4240,0.5985111
2124,4242,0.56782174
2125,4243,0.11420739
2126,4247,-0.1591653
2127,4248,1.1603692
2128,4249,0.2792963
2129,4254,1.1230193
2130,4263,0.2783751
2131,4265,1.3940232
2132,4267,1.1470219
2133,4268,1.4155226
2134,4271,1.1946174
2135,4272,0.27827626
2136,4273,1.0343066
2137,4274,0.0691392
2138,4276,0.862066
2139,4278,0.2641198
2140,4280,0.3877858
2141,4281,1.1175612
2142,4283,0.48988348
2143,4284,1.4750007
2144,4285,0.53979903
2145,4286,0.99426883
2146,4287,0.6690585
2147,4288,1.4677631
2148,4289,-0.2247251
2149,4290,-0.32080507
2150,4293,0.24494796
2151,4296,1.1681916
2152,4297,-0.013060226
2153,4299,-0.39160746
2154,4303,1.0901457
2155,4310,0.82850486
2156,4312,0.7614828
2157,4318,1.0874643
2158,4320,0.7131364
2159,4322,-0.08675977
2160,4323,1.6982566
2161,4325,0.80744034
2162,4326,1.1113884
2163,4328,1.075249
2164,4330,0.87202734
2165,4332,1.5045891
2166,4333,0.80282384
2167,4335,0.3530709
2168,4336,1.1121927
2169,4338,0.43933833
2170,4341,0.50242686
2171,4342,0.42859712
2172,4344,1.0508448
2173,4347,0.80891395
2174,4348,1.073557
2175,4351,1.0875863
2176,4352,0.23663707
2177,4353,0.85615367
2178,4355,1.0948008
2179,4356,0.1732215
2180,4359,1.106743
2181,4360,0.90128845
2182,4361,0.27452454
2183,4364,0.61459863
2184,4365,0.8719974
2185,4368,0.39833018
2186,4372,0.07629488
2187,4374,0.075767055
2188,4376,0.116527624
2189,4377,1.1761189
2190,4380,0.040867206
2191,4383,0.7133137
2192,4384,0.25047326
2193,4385,0.6022313
2194,4389,-0.19959792
2195,4391,0.1602105
2196,4392,0.7286026
2197,4393,-0.17330468
2198,4395,-0.019421723
2199,4396,1.2762735
2200,4398,1.4052984
2201,4399,0.65770006
2202,4401,-0.12769334
2203,4406,0.43286556
2204,4408,0.963285
2205,4412,1.073557
2206,4415,0.643758
2207,4418,0.73555034
2208,4419,0.075767055
2209,4420,-1.307938
2210,4422,1.1835442
2211,4423,0.075767055
2212,4425,0.79363817
2213,4428,0.83715475
2214,4431,0.89969337
2215,4434,-0.37046215
2216,4436,0.1796582
2217,4437,1.4081503
2218,4439,1.5939819
2219,4440,-0.051875148
2220,4441,1.4991904
2221,4444,0.8620388
2222,4445,0.98521763
2223,4446,0.35301667
2224,4447,1.2404624
2225,4452,1.0702997
2226,4456,1.2945741
2227,4457,0.17689678
2228,4458,0.7483072
2229,4460,0.1732215
2230,4461,1.5629627
2231,4462,0.07141803
2232,4465,0.44859746
2233,4466,0.5401573
2234,4468,0.3558045
2235,4469,1.1637232
2236,4472,0.60291463
2237,4475,0.6095795
2238,4478,-0.03130699
2239,4479,1.2594653
2240,4480,0.4476764
2241,4483,-0.44669536
2242,4484,0.12498223
2243,4485,0.9725674
2244,4486,0.51905316
2245,4488,0.13263844
2246,4489,1.1533179
2247,4490,0.08236886
2248,4491,0.8739395
2249,4492,0.7768988
2250,4493,1.1217862
2251,4494,0.32882762
2252,4495,0.75057
2253,4498,-0.7682263
2254,4499,0.15854922
2255,4500,1.0340132
2256,4503,1.0102993
2257,4505,0.39970696
2258,4506,0.9183608
2259,4507,0.24292262
2260,4508,1.0874643
2261,4510,1.2164134
2262,4511,-0.23763907
2263,4513,0.5089505
2264,4516,-1.2821448
2265,4519,0.03594488
2266,4521,0.9420915
2267,4531,-0.15267855
2268,4532,-0.98852456
2269,4533,0.7326144
2270,4534,0.98348135
2271,4536,1.0874643
2272,4537,0.17689678
2273,4539,1.0959607
2274,4542,0.9379336
2275,4545,0.22916013
2276,4549,0.069447614
2277,4551,0.20377253
2278,4554,0.88858396
2279,4556,1.0601934
2280,4559,1.4004064
2281,4561,1.3115807
2282,4562,0.91467553
2283,4566,1.1757067
2284,4569,0.20834988
2285,4570,1.2762735
2286,4573,0.34295952
2287,4574,0.41567916
2288,4575,0.5760988
2289,4577,0.44802713
2290,4578,1.3493425
2291,4580,1.106831
2292,4582,-0.41100657
2293,4583,1.1835442
2294,4585,0.15068991
2295,4587,1.0874643
2296,4595,0.031549685
2297,4596,1.2263123
2298,4601,0.18878445
2299,4602,1.1587695
2300,4603,0.034575753
2301,4605,0.9846955
2302,4606,0.2802766
2303,4607,1.0622946
2304,4608,-0.01043287
2305,4610,0.40394914
2306,4613,1.0800799
2307,4617,0.11532738
2308,4618,1.3799726
2309,4619,-0.120395534
2310,4620,0.16942786
2311,4622,0.8212793
2312,4625,0.1732215
2313,4626,1.0874643
2314,4627,-0.0024640514
2315,4629,0.20587242
2316,4631,-0.34812465
2317,4633,1.0874643
2318,4634,1.3393586
2319,4635,0.23271778
2320,4639,0.11043619
2321,4640,0.83507115
2322,4642,0.81630725
2323,4644,0.78897995
2324,4646,1.0874643
2325,4647,0.21066469
2326,4648,-0.9381328
2327,4649,0.18175507
2328,4650,1.2718004
2329,4655,0.069447614
2330,4660,0.12754357
2331,4661,1.2361343
2332,4662,-0.32274434
2333,4663,1.4025465
2334,4665,-0.011442906
2335,4666,1.176873
2336,4667,0.81554896
2337,4668,0.091774166
2338,4670,0.105440065
2339,4671,0.5868973
2340,4672,0.40540963
2341,4673,0.8258341
2342,4675,0.9057701
2343,4676,0.2220054
2344,4677,0.9085771
2345,4680,0.33915114
2346,4682,0.3569811
2347,4683,1.1092175
2348,4685,1.073557
2349,4686,0.48606724
2350,4688,1.1464936
2351,4690,0.7212798
2352,4692,0.95958877
2353,4693,0.3405406
2354,4697,0.07149627
2355,4700,0.9886812
2356,4702,0.90153295
2357,4707,1.5304036
2358,4708,0.118463315
2359,4710,-0.36985752
2360,4716,0.47536528
2361,4717,0.28669688
2362,4718,0.28197983
2363,4720,0.3735953
2364,4721,-0.48701236
2365,4723,0.16288802
2366,4726,1.0828673
2367,4727,-0.2803292
2368,4729,0.24581158
2369,4731,0.03656278
2370,4732,1.0362412
2371,4735,0.8766474
2372,4736,0.7581714
2373,4737,0.005521496
2374,4738,0.96870315
2375,4739,1.2886251
2376,4744,0.92991567
2377,4747,0.42662227
2378,4749,1.035677
2379,4750,0.118463315
2380,4752,1.17754
2381,4755,0.8101568
2382,4756,1.0962775
2383,4757,1.2148578
2384,4758,0.1760161
2385,4759,1.066677
2386,4763,0.25142127
2387,4764,1.0975802
2388,4765,0.35588503
2389,4766,-0.06679203
2390,4767,1.1519223
2391,4769,1.4739381
2392,4770,0.32812122
2393,4771,-0.35757405
2394,4772,1.073496
2395,4774,1.1959556
2396,4776,0.6000295
2397,4777,1.3413106
2398,4778,0.59184676
2399,4780,0.17449187
2400,4784,0.047887303
2401,4786,0.40773284
2402,4787,-1.2590344
2403,4788,0.42214948
2404,4789,1.17754
2405,4791,1.0025926
2406,4792,0.22795892
2407,4795,1.3686279
2408,4796,0.14103714
2409,4803,-0.04657491
2410,4805,0.27473503
2411,4807,0.3331782
2412,4809,0.5011053
2413,4816,0.22279648
2414,4817,-0.54674786
2415,4818,-0.2799712
2416,4820,0.26895052
2417,4821,1.1100836
2418,4823,1.1919585
2419,4824,0.032299146
2420,4825,1.3406001
2421,4829,0.40341866
2422,4830,0.104223005
2423,4831,1.2417538
2424,4833,0.5978685
2425,4836,-0.17132315
2426,4837,1.1464936
2427,4838,0.23148008
2428,4840,0.037319623
2429,4841,-1.1312469
2430,4842,-0.14291906
2431,4843,1.4612116
2432,4844,0.56755334
2433,4849,1.3369936
2434,4851,0.51313335
2435,4852,0.34596613
2436,4858,0.26739746
2437,4860,0.104223005
2438,4863,1.3586789
2439,4864,0.18695956
2440,4865,1.3331717
2441,4867,0.75645983
2442,4868,-0.0032331105
2443,4869,1.3127886
2444,4873,0.09072062
2445,4875,0.6340235
2446,4876,1.0085237
2447,4877,0.62467146
2448,4878,1.3195503
2449,4880,-1.2611742
2450,4886,1.5456644
2451,4888,0.80736095
2452,4889,0.14568798
2453,4890,1.3877457
2454,4893,0.8962041
2455,4895,0.46648288
2456,4896,0.9948171
2457,4899,0.050741985
2458,4901,0.8505706
2459,4902,1.3362864
2460,4903,0.032753263
2461,4904,1.17754
2462,4910,0.07950751
2463,4912,-0.0043969555
2464,4915,0.4879253
2465,4916,1.0341367
2466,4917,0.50509715
2467,4920,1.073496
2468,4927,0.7816458
2469,4928,0.15646997
2470,4931,0.75772375
2471,4934,0.6305532
2472,4936,0.42279154
2473,4939,1.0719935
2474,4942,1.2947018
2475,4943,0.14448571
2476,4944,1.1155401
2477,4945,0.66974336
2478,4947,1.3101152
2479,4948,0.3356337
2480,4951,0.34605315
2481,4952,1.17754
2482,4953,-0.098393336
2483,4956,0.032753263
2484,4957,1.3860096
2485,4958,0.14793113
2486,4960,0.47624797
2487,4968,0.3064833
2488,4969,0.5281825
2489,4971,0.95423776
2490,4973,1.2633477
2491,4975,0.80105644
2492,4976,0.3216667
2493,4978,0.41139218
2494,4979,0.80263305
2495,4982,0.008092684
2496,4983,0.9098829
2497,4984,0.5040332
2498,4985,1.5299739
2499,4986,0.44317305
2500,4987,1.2148815
2501,4988,0.81417185
2502,4994,0.19784604
2503,4995,0.13838238
2504,5002,-0.61307365
2505,5004,0.36990166
2506,5005,0.95251197
2507,5006,0.43638134
2508,5007,1.0528737
2509,5009,1.1497184
2510,5011,1.2633477
2511,5014,0.68758124
2512,5015,1.1201963
2513,5018,0.41467553
2514,5019,1.2867725
2515,5020,0.6548162
2516,5021,1.1670457
2517,5022,0.25913933
2518,5023,0.23526731
2519,5025,0.100208744
2520,5032,0.501462
2521,5034,0.2621776
2522,5036,0.13795713
2523,5038,0.14218754
2524,5039,1.001155
2525,5046,0.37631482
2526,5049,1.2867725
2527,5051,0.053101886
2528,5052,-0.12123015
2529,5053,1.1959556
2530,5054,0.12617916
2531,5055,0.061345227
2532,5057,0.1368775
2533,5059,0.7871149
2534,5062,0.6755306
2535,5063,1.3512855
2536,5065,0.91398257
2537,5069,0.052229162
2538,5071,0.52385896
2539,5074,0.9345699
2540,5075,-0.12674357
2541,5076,1.2046231
2542,5077,-1.2002383
2543,5079,1.1220828
2544,5080,0.38424152
2545,5081,1.2413363
2546,5083,1.0525451
2547,5088,1.0523067
2548,5089,0.968074
2549,5093,0.8923829
2550,5094,0.9876122
2551,5095,0.97897345
2552,5099,1.0268394
2553,5101,1.0608169
2554,5103,1.107582
2555,5104,0.8012274
2556,5105,1.3003523
2557,5107,0.031640496
2558,5108,1.0648713
2559,5109,1.0426868
2560,5111,0.670055
2561,5112,1.3604492
2562,5113,0.6340553
2563,5114,0.75364804
2564,5115,0.108640686
2565,5118,0.88142484
2566,5122,0.14489782
2567,5123,-1.2330877
2568,5125,0.39214122
2569,5127,1.1513315
2570,5128,0.49469978
2571,5129,1.3059316
2572,5132,0.53496295
2573,5134,0.6282585
2574,5135,0.40116322
2575,5137,1.6673025
2576,5142,0.29278257
2577,5143,0.86108667
2578,5144,0.003396676
2579,5148,0.59383446
2580,5149,0.31302792
2581,5150,0.5060416
2582,5154,-1.2226686
2583,5155,0.48222548
2584,5159,0.10648122
2585,5164,1.1085672
2586,5165,1.3628868
2587,5166,0.5738413
2588,5167,0.8151311
2589,5169,0.02199268
2590,5171,0.0062276023
2591,5172,1.1345572
2592,5176,0.24789175
2593,5184,0.6701103
2594,5185,0.19856879
2595,5186,0.83466166
2596,5188,0.49943215
2597,5189,1.0425754
2598,5190,-0.057853322
2599,5191,1.3628868
2600,5193,1.1741197
2601,5196,0.16430952
2602,5199,-0.4097611
2603,5200,0.85968775
2604,5203,0.28148144
2605,5204,1.0139668
2606,5205,0.0140864225
2607,5207,0.6607451
2608,5208,1.0232229
2609,5212,1.0991557
2610,5214,0.5544309
2611,5218,0.29372275
2612,5220,0.022902492
2613,5222,-0.07059088
2614,5224,0.28671417
2615,5225,1.1261309
2616,5227,0.65182185
2617,5229,1.0883081
2618,5232,-0.27383137
2619,5233,1.5143231
2620,5234,0.45868966
2621,5237,1.3084106
2622,5239,1.1883806
2623,5240,-0.27239475
2624,5241,1.3422221
2625,5244,0.69436693
2626,5248,1.3488678
2627,5251,-0.12715499
2628,5253,0.19665867
2629,5255,0.52735424
2630,5256,0.61355734
2631,5257,0.37531963
2632,5259,0.36053634
2633,5260,1.5321509
2634,5266,0.21397112
2635,5268,-0.040891357
2636,5275,1.2747718
2637,5276,1.3008298
2638,5277,0.36311105
2639,5279,0.58381015
2640,5280,1.0923635
2641,5281,0.20066346
2642,5283,0.7325005
2643,5284,-0.689892
2644,5285,0.15757605
2645,5286,0.9326244
2646,5287,0.38681808
2647,5289,-0.08025405
2648,5290,1.1741197
2649,5292,1.0612084
2650,5293,0.3288644
2651,5294,1.1071681
2652,5297,-0.05825525
2653,5299,0.3458808
2654,5302,0.19917348
2655,5305,-0.85635734
2656,5306,0.5482389
2657,5308,0.16475727
2658,5309,-0.080024116
2659,5310,1.4531503
2660,5312,1.1129171
2661,5316,1.5764724
2662,5317,0.20479107
2663,5319,-1.2122312
2664,5320,0.11365555
2665,5323,0.8393268
2666,5329,0.82374406
2667,5331,1.3419994
2668,5334,1.2998977
2669,5336,1.212521
2670,5338,1.0321032
2671,5341,1.035873
2672,5345,0.42115682
2673,5348,0.053326454
2674,5349,1.1259753
2675,5355,0.4318382
2676,5356,0.318298
2677,5360,1.2250634
2678,5362,1.0735947
2679,5364,0.93864805
2680,5366,0.5572345
2681,5367,0.74712795
2682,5368,0.5226048
2683,5370,0.40871108
2684,5371,-1.2558026
2685,5373,1.1782712
2686,5375,1.3084106
2687,5376,0.23058096
2688,5378,0.85900587
2689,5379,1.0418941
2690,5383,0.8850965
2691,5384,0.47459328
2692,5389,1.4661053
2693,5391,-1.0533873
2694,5393,1.3810483
2695,5395,1.5820953
2696,5397,1.3862249
2697,5398,0.20054966
2698,5399,1.2771504
2699,5401,1.5312288
2700,5402,-0.0069767414
2701,5403,1.4069434
2702,5404,0.007925657
2703,5407,-1.0859326
2704,5408,-0.166878
2705,5413,0.69922876
2706,5414,0.88191843
2707,5417,0.16684307
2708,5418,1.0612084
2709,5420,0.87223077
2710,5421,0.10927354
2711,5424,1.0002716
2712,5425,1.0139668
2713,5426,0.23517908
2714,5429,1.2688133
2715,5431,0.9409055
2716,5437,1.060693
2717,5440,-0.03828158
2718,5444,1.0606378
2719,5446,1.1537613
2720,5447,0.19585788
2721,5451,0.14346553
2722,5452,0.9190353
2723,5455,0.45868966
2724,5456,0.09255165
2725,5458,0.13295339
2726,5459,0.76489186
2727,5460,0.32457244
2728,5462,0.026947726
2729,5463,1.5040585
2730,5464,0.18750826
2731,5465,1.4539057
2732,5466,0.37700328
2733,5467,0.95508647
2734,5468,0.76813805
2735,5469,1.4525295
2736,5472,0.44985157
2737,5474,0.58019495
2738,5475,1.1297909
2739,5476,0.12480234
2740,5479,1.0562325
2741,5480,1.2571422
2742,5482,0.5664024
2743,5485,-0.044425875
2744,5486,1.6638448
2745,5488,-0.6947412
2746,5495,1.0883081
2747,5496,1.072308
2748,5497,1.5179211
2749,5499,1.395233
2750,5503,0.071935855
2751,5504,0.49079785
2752,5507,0.10733191
2753,5509,0.5847704
2754,5511,0.1492139
2755,5512,1.2817414
2756,5516,1.2787396
2757,5517,0.27090174
2758,5518,1.0481151
2759,5521,0.23379669
2760,5522,0.98979384
2761,5527,0.45119584
2762,5528,0.19352502
2763,5529,1.1018229
2764,5532,0.36423278
2765,5533,0.5897677
2766,5535,0.5850184
2767,5536,0.5926109
2768,5540,-0.082432486
2769,5547,0.1956773
2770,5548,1.3519436
2771,5550,-1.1095743
2772,5551,0.20888421
2773,5554,1.3595458
2774,5555,0.4641171
2775,5559,1.1491638
2776,5560,-0.40674362
2777,5561,1.3576111
2778,5562,0.29601598
2779,5563,0.87913865
2780,5565,-0.2990477
2781,5566,0.29189193
2782,5567,0.798655
2783,5568,-0.002332705
2784,5572,0.24364868
2785,5574,0.88019824
2786,5576,1.0046096
2787,5579,1.6362411
2788,5580,-0.56529903
2789,5581,0.014083491
2790,5583,0.022617187
2791,5584,1.4881307
2792,5586,1.3227798
2793,5587,0.025605675
2794,5589,1.0859605
2795,5591,1.1993002
2796,5592,0.30994412
2797,5593,0.50600636
2798,5594,0.37239867
2799,5595,-0.4008218
2800,5596,1.1962805
2801,5597,0.72919947
2802,5598,1.4482604
2803,5599,0.63355947
2804,5602,1.5219939
2805,5603,0.37239867
2806,5605,0.15403837
2807,5607,0.0037086867
2808,5608,0.76572156
2809,5609,0.09959926
2810,5610,-0.19159907
2811,5612,0.379424
2812,5613,1.0271696
2813,5614,-0.017500605
2814,5616,0.58005947
2815,5621,0.093681924
2816,5623,0.8780742
2817,5628,1.2277588
2818,5629,0.082926385
2819,5631,1.2035083
2820,5633,0.041661706
2821,5638,0.96124023
2822,5639,0.72794396
2823,5640,0.486454
2824,5645,0.3155856
2825,5646,-1.123654
2826,5649,0.18173406
2827,5653,0.54353845
2828,5655,1.3540559
2829,5656,0.38001555
2830,5658,0.267589
2831,5662,1.6167029
2832,5663,-0.00075397175
2833,5667,0.064657986
2834,5670,0.63355947
2835,5671,1.0769674
2836,5672,0.7130348
2837,5673,1.0849247
2838,5674,0.8408125
2839,5675,0.6403487
2840,5676,0.507993
2841,5679,1.1478115
2842,5683,1.3689812
2843,5687,0.41515666
2844,5688,-1.2961911
2845,5690,0.357606
2846,5691,1.4073282
2847,5692,0.1762225
2848,5693,1.260775
2849,5694,0.18541789
2850,5697,1.413031
2851,5698,-0.22828755
2852,5699,1.1441674
2853,5704,0.16976418
2854,5707,1.1478115
2855,5709,0.6229791
2856,5710,0.31015065
2857,5714,0.2048276
2858,5718,0.863406
2859,5721,0.47617754
2860,5723,0.13577835
2861,5724,0.8936749
2862,5725,0.17303741
2863,5726,0.8309471
2864,5729,0.074866615
2865,5730,0.95496935
2866,5731,0.19897676
2867,5733,-1.117937
2868,5736,0.059439726
2869,5741,0.4488435
2870,5745,1.277439
2871,5747,0.9443913
2872,5748,0.9936562
2873,5750,1.3548354
2874,5751,0.8723672
2875,5752,0.041486364
2876,5754,0.22969235
2877,5755,0.17163128
2878,5757,0.075933814
2879,5758,1.3814987
2880,5760,1.1038486
2881,5762,1.178342
2882,5766,0.97656363
2883,5768,0.12029863
2884,5769,1.5651726
2885,5770,0.174582
2886,5771,1.0433213
2887,5772,0.0878801
2888,5773,1.0324343
2889,5774,0.2585899
2890,5776,-0.0033435328
2891,5777,1.1441674
2892,5778,0.114884354
2893,5780,0.97312385
2894,5782,0.1824052
2895,5783,-1.1659831
2896,5784,0.07238119
2897,5786,0.28224474
2898,5788,0.23337635
2899,5789,0.84882426
2900,5790,0.69429517
2901,5791,1.0524884
2902,5793,0.256404
2903,5794,0.37419522
2904,5796,1.5581651
2905,5797,0.87812513
2906,5801,0.118916415
2907,5803,0.41515666
2908,5804,1.2361706
2909,5805,0.40571684
2910,5806,-1.3259289
2911,5808,1.3973168
2912,5813,0.21810843
2913,5815,-0.096049376
2914,5816,0.5012411
2915,5822,-0.12642185
2916,5823,1.2240306
2917,5825,0.86296874
2918,5827,1.2007257
2919,5829,1.0871776
2920,5830,1.0789055
2921,5831,0.87245303
2922,5832,0.033769276
2923,5833,1.3973168
2924,5837,1.152136
2925,5838,0.23750094
2926,5839,0.35986245
2927,5842,0.486454
2928,5844,1.3172228
2929,5845,0.24788229
2930,5846,1.1750916
2931,5848,-1.1833628
2932,5850,0.9970059
2933,5851,-0.04165455
2934,5853,0.12029863
2935,5854,0.8169913
2936,5858,0.486454
2937,5860,1.5095297
2938,5864,1.2335731
2939,5866,0.45079726
2940,5867,1.1478115
2941,5868,0.036282323
2942,5869,1.3411006
2943,5870,-0.095570244
2944,5871,0.66813654
2945,5874,1.3183197
2946,5876,1.4828649
2947,5877,-0.11888311
2948,5878,0.013749064
2949,5879,1.3216163
2950,5880,0.5659197
2951,5884,0.2013709
2952,5886,0.97668546
2953,5890,0.97282344
2954,5896,0.60387486
2955,5897,1.1591657
2956,5898,0.12029863
2957,5901,1.2013324
2958,5903,1.2207916
2959,5906,-0.19159907
2960,5908,1.249495
2961,5909,-0.23280445
2962,5910,1.0271696
2963,5911,0.2916897
2964,5912,0.9178903
2965,5914,1.3183197
2966,5919,1.2983793
2967,5924,0.1246792
2968,5926,0.5464305
2969,5929,0.8567588
2970,5930,0.897638
2971,5932,0.31362015
2972,5933,1.6060003
2973,5934,0.17128074
2974,5935,1.0668094
2975,5936,-0.12643538
2976,5937,1.1519428
2977,5938,0.3786068
2978,5939,1.233018
2979,5942,0.87976086
2980,5943,0.42298195
2981,5944,0.34637582
2982,5946,1.1781968
2983,5951,0.2234098
2984,5953,1.1097622
2985,5954,0.22645856
2986,5957,0.9568966
2987,5961,0.97503394
2988,5962,0.50284475
2989,5964,-0.61451995
2990,5965,0.47501707
2991,5968,1.3056158
2992,5969,0.5266022
2993,5974,-0.256406
2994,5975,0.78140575
2995,5978,-1.0982777
2996,5981,1.0056679
2997,5982,0.428739
2998,5983,0.82907766
2999,5989,1.1894975
3000,5991,0.3061176
3001,5992,0.5699999
3002,5995,1.1240703
3003,5996,1.1603142
3004,5997,1.3893859
3005,5998,-0.11929361
3006,5999,-0.7201595
3007,6001,1.1819186
3008,6002,0.57248145
3009,6003,0.6858831
3010,6004,0.22645856
3011,6006,0.9243194
3012,6007,0.2697007
3013,6011,0.8087651
3014,6012,1.1493813
3015,6014,0.3001365
3016,6015,1.1327527
3017,6016,0.19278386
3018,6017,1.3056055
3019,6018,0.15163524
3020,6024,0.46239257
3021,6025,0.9370275
3022,6026,0.89403063
3023,6028,1.1293265
3024,6029,-1.1455836
3025,6030,0.7626078
3026,6036,1.3056158
3027,6040,0.37724644
3028,6041,1.0680078
3029,6042,-0.11538885
3030,6044,0.12842678
3031,6045,1.0454396
3032,6047,0.991141
3033,6048,0.74713594
3034,6049,0.7304502
3035,6051,1.4892873
3036,6052,0.7502968
3037,6053,-0.20126648
3038,6054,1.2668236
3039,6058,0.5700477
3040,6059,0.90655756
3041,6062,0.074846715
3042,6063,1.529443
3043,6064,0.8402913
3044,6065,0.37724644
3045,6067,0.1665457
3046,6068,1.2571162
3047,6070,1.0573487
3048,6071,0.9535673
3049,6072,0.99130803
3050,6080,0.99130803
3051,6081,0.92624325
3052,6084,0.46270904
3053,6087,0.11305255
3054,6089,0.8557708
3055,6092,0.99130803
3056,6094,0.0730354
3057,6095,1.2053678
3058,6097,0.9676016
3059,6100,0.54175293
3060,6104,1.2922095
3061,6105,0.1481767
3062,6106,0.9458572
3063,6107,-0.6682413
3064,6108,0.7741778
3065,6109,0.99130803
3066,6110,0.01512598
3067,6114,0.99130803
3068,6116,0.17116803
3069,6117,0.58963376
3070,6118,0.3393562
3071,6123,-1.1235927
3072,6125,1.241536
3073,6128,0.7054569
3074,6130,1.0575598
3075,6132,0.95418984
3076,6137,-1.0823776
3077,6139,1.5402988
3078,6140,0.017327316
3079,6141,0.9423818
3080,6142,1.1765152
3081,6144,0.8229422
3082,6145,0.1681666
3083,6146,0.7035863
3084,6149,-0.25936902
3085,6156,0.034717143
3086,6159,0.7411627
3087,6160,0.017327316
3088,6162,0.85153913
3089,6164,1.0789542
3090,6165,0.23959157
3091,6168,-1.0992862
3092,6169,1.3797442
3093,6170,0.17191944
3094,6171,1.0689274
3095,6172,-0.124550976
3096,6173,1.263087
3097,6176,0.109479785
3098,6177,0.01790987
3099,6178,0.52775097
3100,6180,0.6878737
3101,6181,1.0918196
3102,6182,0.38772756
3103,6185,0.26028046
3104,6186,1.3578984
3105,6188,0.8926801
3106,6189,-0.0044381944
3107,6192,0.46270904
3108,6193,0.33299866
3109,6194,1.0454396
3110,6195,0.20979112
3111,6196,1.4092146
3112,6197,0.1687691
3113,6201,1.4136531
3114,6202,-0.15054834
3115,6203,0.63466465
3116,6204,0.16652462
3117,6207,1.5435027
3118,6209,0.08627708
3119,6210,0.5877127
3120,6211,1.0350351
3121,6213,1.331241
3122,6216,-0.063182704
3123,6217,-0.10583981
3124,6219,0.34627867
3125,6222,-1.2144763
3126,6223,0.8857078
3127,6235,0.075222194
3128,6240,0.0714942
3129,6242,0.09604173
3130,6247,0.83685726
3131,6251,0.8356504
3132,6254,1.1291041
3133,6255,-0.03785332
3134,6260,0.98972577
3135,6261,0.24743015
3136,6262,0.6663237
3137,6264,1.4597669
3138,6269,1.3248178
3139,6271,0.49875098
3140,6275,1.3095239
3141,6276,0.16031134
3142,6278,1.141482
3143,6279,1.2618188
3144,6281,1.2801176
3145,6284,0.09863906
3146,6286,0.046194598
3147,6287,-0.8457748
3148,6288,0.33864003
3149,6292,0.0330173
3150,6293,0.103063114
3151,6295,0.3705243
3152,6298,0.8242144
3153,6300,1.2884377
3154,6304,1.0867182
3155,6308,0.8838641
3156,6310,0.29966673
3157,6312,0.99130803
3158,6320,0.21958615
3159,6324,-0.19021736
3160,6325,1.2683727
3161,6330,0.41364804
3162,6336,1.3375875
3163,6340,0.52456576
3164,6341,0.075222194
3165,6342,0.8003226
3166,6344,0.48520088
3167,6345,0.5054648
3168,6347,1.3374413
3169,6348,0.05572246
3170,6349,0.8242144
3171,6351,-1.2415707
3172,6353,1.127762
3173,6354,0.081925295
3174,6357,0.28400427
3175,6358,0.6550469
3176,6360,0.96347857
3177,6363,1.166449
3178,6364,-0.19551331
3179,6368,0.9351391
3180,6370,0.4694043
3181,6371,0.34178412
3182,6377,0.41681468
3183,6379,0.7246806
3184,6381,-0.083162166
3185,6382,-1.2051222
3186,6383,1.3357652
3187,6388,1.3752701
3188,6390,1.2151661
3189,6392,1.0524497
3190,6393,1.247948
3191,6395,0.2847552
3192,6398,0.90080947
3193,6401,-1.1850402
3194,6402,0.06648124
3195,6403,1.0510986
3196,6405,0.035941355
3197,6406,-0.2170151
3198,6407,1.1396484
3199,6409,0.9463206
3200,6411,0.05872825
3201,6413,0.37895304
3202,6416,0.6013803
3203,6417,0.79279083
3204,6418,-0.106318645
3205,6419,1.5595372
3206,6420,1.2978897
3207,6426,0.8939878
3208,6429,0.34635538
3209,6430,0.38663077
3210,6431,1.0510986
3211,6432,0.11386677
3212,6434,1.1495641
3213,6437,1.3452934
3214,6438,0.27240646
3215,6439,0.8342571
3216,6440,0.382384
3217,6441,-0.005218311
3218,6442,0.9865053
3219,6443,0.5042919
3220,6445,0.9467512
3221,6448,1.2721201
3222,6450,1.3174862
3223,6453,0.27494788
3224,6455,0.35210258
3225,6457,-0.16940886
3226,6458,0.794308
3227,6461,0.16424629
3228,6464,1.2039473
3229,6467,0.77893037
3230,6469,0.44484133
3231,6470,-0.43469673
3232,6471,0.017412387
3233,6473,0.90281516
3234,6474,0.42982203
3235,6479,0.13361765
3236,6481,0.14559701
3237,6484,1.1398928
3238,6495,-0.17645498
3239,6496,1.264978
3240,6505,0.88531107
3241,6506,0.7725938
3242,6508,0.10424348
3243,6509,0.44233072
3244,6510,1.0151979
3245,6512,0.9891142
3246,6513,0.22869165
3247,6514,1.1572195
3248,6515,-0.2463746
3249,6519,0.39489806
3250,6521,0.12624885
3251,6523,-1.0232475
3252,6525,0.5021811
3253,6526,0.9967728
3254,6528,0.30575356
3255,6529,0.87267405
3256,6531,0.9719582
3257,6533,0.4911687
3258,6534,0.44287175
3259,6535,1.1740913
3260,6536,0.05725937
3261,6537,1.0864187
3262,6540,-0.12517
3263,6541,1.3357652
3264,6547,1.0725788
3265,6548,0.79372317
3266,6551,1.4253683
3267,6553,0.97076535
3268,6555,0.45560247
3269,6556,0.09213513
3270,6561,-1.070522
3271,6564,0.12517484
3272,6565,1.1740913
3273,6568,0.88223267
3274,6569,0.9865053
3275,6573,0.42250293
3276,6574,0.107113376
3277,6577,1.4176551
3278,6579,1.2036058
3279,6581,0.5337458
3280,6582,1.0054163
3281,6585,0.62908274
3282,6586,0.35513481
3283,6589,0.89171916
3284,6590,-0.9312956
3285,6593,0.601391
3286,6594,1.2382315
3287,6595,-0.15960713
3288,6599,0.7083785
3289,6600,0.11546269
3290,6601,1.2714604
3291,6602,-0.18171284
3292,6603,1.2721201
3293,6604,0.17661864
3294,6607,1.0058055
3295,6608,1.197754
3296,6609,0.055788126
3297,6611,0.76052076
3298,6613,0.9865053
3299,6614,0.105679624
3300,6616,-0.05655295
3301,6617,0.9865053
3302,6618,0.28341785
3303,6619,0.65760475
3304,6621,0.45560247
3305,6627,0.7318929
3306,6629,1.220164
3307,6631,-1.1541349
3308,6634,0.28075367
3309,6636,0.2602374
3310,6638,0.88223267
3311,6639,0.9865053
3312,6641,1.2248698
3313,6642,0.2834325
3314,6651,1.1076616
3315,6654,-0.75213236
3316,6657,0.7879481
3317,6663,0.15004417
3318,6665,0.74296314
3319,6666,0.9001102
3320,6668,0.29624075
3321,6669,0.43964702
3322,6670,0.78735095
3323,6671,0.22307104
3324,6673,0.45198256
3325,6675,-0.0644114
3326,6676,-1.1989614
3327,6677,0.3931467
3328,6679,0.12591116
3329,6680,1.2651451
3330,6681,1.0151979
3331,6685,1.0300201
3332,6688,0.40856048
3333,6689,-0.08500896
3334,6690,0.675081
3335,6692,0.9865053
3336,6693,0.17821622
3337,6694,0.6377615
3338,6698,1.464301
3339,6699,0.28908408
3340,6700,1.2801291
3341,6701,-0.16940886
3342,6702,1.3471379
3343,6704,-0.08500896
3344,6707,0.91713995
3345,6712,1.3076254
3346,6713,-0.32621694
3347,6715,0.8914971
3348,6721,1.1907665
3349,6722,0.32363507
3350,6723,1.34554
3351,6724,0.09839631
3352,6725,1.5814847
3353,6731,1.3215946
3354,6735,-0.6423783
3355,6736,0.8809145
3356,6737,1.0428358
3357,6738,0.39524472
3358,6739,0.4233294
3359,6741,0.910235
3360,6743,0.025271066
3361,6745,0.29624075
3362,6747,1.1309716
3363,6749,0.1973036
3364,6750,0.8818312
3365,6751,1.283197
3366,6752,1.0639095
3367,6753,0.9865053
3368,6755,1.2037503
3369,6756,0.12071336
3370,6757,0.80457157
3371,6759,1.3459474
3372,6761,-0.13423708
3373,6763,0.017412387
3374,6764,1.5352155
3375,6765,0.33917192
3376,6766,1.2255279
3377,6768,0.9170009
3378,6771,-0.08500896
3379,6773,0.23637064
3380,6774,0.6896469
3381,6778,1.1435012
3382,6779,0.36371908
3383,6781,0.017127585
3384,6784,0.9034657
3385,6786,-0.010215797
3386,6787,0.77826977
3387,6790,-0.045646556
3388,6793,0.5995211
3389,6795,0.9989187
3390,6798,1.1611646
3391,6806,0.5356116
3392,6807,0.8340512
3393,6810,0.07440186
3394,6815,0.94308
3395,6816,-0.022388812
3396,6817,0.52034765
3397,6818,0.5993756
3398,6819,0.96675104
3399,6820,0.7048337
3400,6822,0.3053881
3401,6823,1.4903423
3402,6824,1.3808511
3403,6825,0.5501332
3404,6828,-1.1893784
3405,6829,1.2128803
3406,6831,1.3621429
3407,6832,0.16291878
3408,6833,1.3761619
3409,6834,-0.011293377
3410,6836,0.37623146
3411,6837,1.2897004
3412,6838,-0.31756476
3413,6840,0.47259516
3414,6843,-0.08145592
3415,6845,-0.24305141
3416,6846,0.103230655
3417,6847,1.3763593
3418,6851,0.714211
3419,6852,0.08365192
3420,6853,0.71971065
3421,6858,0.8010173
3422,6861,1.1789254
3423,6863,1.2878405
3424,6864,-1.1514041
3425,6865,0.21051916
3426,6866,1.2989764
3427,6867,0.3419801
3428,6868,0.40529546
3429,6869,0.6111515
3430,6870,1.3808511
3431,6874,1.0037755
3432,6875,0.09850988
3433,6877,0.92560583
3434,6878,-0.1565023
3435,6880,0.32490933
3436,6883,0.87705564
3437,6884,0.3968646
3438,6886,0.22024879
3439,6890,0.40896928
3440,6893,1.3337623
3441,6894,0.078570366
3442,6899,0.92560583
3443,6900,0.33043545
3444,6904,-0.2546552
3445,6905,1.314258
3446,6906,-0.029561572
3447,6910,0.27705014
3448,6912,0.50831914
3449,6913,1.1930934
3450,6920,0.2055232
3451,6922,-0.05784717
3452,6923,0.9989187
3453,6926,0.93925196
3454,6927,1.2274574
3455,6928,-0.18673298
3456,6931,0.90791124
3457,6933,0.3571687
3458,6936,-0.06372563
3459,6937,1.2589151
3460,6939,0.6641746
3461,6941,-0.013872013
3462,6942,0.97592133
3463,6943,0.9324302
3464,6944,0.37283352
3465,6945,0.16911556
3466,6946,0.8926912
3467,6947,1.5032014
3468,6949,1.0483686
3469,6951,0.9949725
3470,6953,1.0858154
3471,6954,-0.20016958
3472,6955,1.323718
3473,6963,0.78724736
3474,6964,0.36153334
3475,6966,0.0864677
3476,6968,0.0014382126
3477,6970,1.0477332
3478,6972,1.2819297
3479,6976,0.6797706
3480,6978,1.2989764
3481,6981,0.41289806
3482,6985,0.92338413
3483,6986,0.08282419
3484,6987,1.2199867
3485,6989,0.8064577
3486,6991,1.4903423
3487,6993,1.2628766
3488,6994,0.1722508
3489,6995,0.94616634
3490,6996,0.15731148
3491,6997,1.2823731
3492,6998,-0.21156809
3493,7001,0.73965496
3494,7003,0.97883815
3495,7006,0.23329213
3496,7008,0.84458774
3497,7010,-0.30013627
3498,7011,0.33744267
3499,7012,0.6592542
3500,7013,-0.100244805
3501,7014,1.3867506
3502,7017,0.8568339
3503,7018,0.14542195
3504,7019,-0.26990488
3505,7023,0.15643856
3506,7024,0.5371951
3507,7025,0.25721633
3508,7026,1.1871431
3509,7027,-0.08377533
3510,7028,1.1596593
3511,7030,0.9989187
3512,7031,0.239826
3513,7033,1.0172385
3514,7036,0.22533977
3515,7037,0.05528624
3516,7039,0.10615779
3517,7044,-0.106721334
3518,7045,1.2897004
3519,7046,0.5359141
3520,7049,0.6269565
3521,7050,0.5735398
3522,7051,1.0477332
3523,7054,1.0161725
3524,7055,0.36523032
3525,7057,0.34809554
3526,7060,0.92560583
3527,7061,0.12410807
3528,7063,-0.032602012
3529,7064,1.3560616
3530,7067,0.32490933
3531,7071,0.65496314
3532,7074,0.8348767
3533,7075,0.50465184
3534,7078,1.2897004
3535,7079,-0.07185463
3536,7080,0.8572862
3537,7081,0.32163665
3538,7082,1.2276572
3539,7083,0.15840214
3540,7085,1.1418592
3541,7092,1.0023221
3542,7094,1.0662582
3543,7100,0.06008732
3544,7101,1.1537147
3545,7102,1.2989764
3546,7104,1.2525718
3547,7105,0.12410807
3548,7106,0.19723114
3549,7107,0.5648218
3550,7108,-1.1741246
3551,7109,-0.17409313
3552,7110,1.2589151
3553,7112,0.7619819
3554,7113,1.0086493
3555,7114,0.9400045
3556,7116,1.2243725
3557,7117,0.024972789
3558,7118,1.0326922
3559,7120,-0.033843722
3560,7121,1.0473303
3561,7123,0.8699928
3562,7124,0.29683733
3563,7127,1.0019426
3564,7131,1.005557
3565,7132,0.5993756
3566,7133,-0.21849689
3567,7134,1.3035923
3568,7135,-0.13005307
3569,7136,1.2325262
3570,7137,0.17203988
3571,7141,-0.15379755
3572,7144,0.9530307
3573,7147,1.1713501
3574,7148,0.22225334
3575,7150,-0.31517854
3576,7151,-0.033843722
3577,7152,0.9511576
3578,7154,0.31571555
3579,7156,-0.09418042
3580,7157,0.9529837
3581,7159,1.52606
3582,7161,0.5088731
3583,7163,0.0703489
3584,7164,0.5159943
3585,7167,-1.2985065
3586,7169,1.1806049
3587,7170,0.11214097
3588,7173,0.14865747
3589,7174,1.0227598
3590,7177,1.2642683
3591,7178,0.79501593
3592,7179,0.14106373
3593,7180,-0.41403595
3594,7181,1.2870656
3595,7182,0.016741801
3596,7184,0.14652462
3597,7185,1.2502834
3598,7186,-0.21311605
3599,7187,1.3217424
3600,7188,-0.17199667
3601,7189,1.3651702
3602,7191,0.8884925
3603,7193,0.71063524
3604,7197,0.15612967
3605,7199,0.34631753
3606,7200,1.2276572
3607,7201,-0.13005307
3608,7204,0.48154
3609,7207,1.2326378
3610,7209,1.2878405
3611,7210,0.17835796
3612,7211,0.65406746
3613,7213,-0.15103655
3614,7214,1.2823731
3615,7216,1.3637091
3616,7217,0.24844769
3617,7220,0.85676545
3618,7224,0.9989187
3619,7225,0.07891906
3620,7226,1.3637091
3621,7227,0.4129933
3622,7234,1.2502834
3623,7236,-0.61057955
3624,7239,1.1960374
3625,7240,0.03511496
3626,7242,1.158347
3627,7244,1.0993472
3628,7245,0.0813434
3629,7247,0.7703646
3630,7248,0.042396244
3631,7249,1.5293087
3632,7250,1.2436253
3633,7251,-0.004818472
3634,7252,1.5198942
3635,7253,-1.1405425
3636,7256,0.08582028
3637,7260,-0.009010292
3638,7261,1.4093758
3639,7264,0.6556632
3640,7269,0.9525755
3641,7270,-0.0566392
3642,7273,0.8446001
3643,7279,0.15538813
3644,7281,1.2675711
3645,7284,-0.31901315
3646,7285,1.150576
3647,7286,1.5513513
3648,7287,0.471723
3649,7289,0.17472957
3650,7292,0.14488181
3651,7293,1.2598537
3652,7296,0.5219789
3653,7297,1.3103428
3654,7298,-0.34701705
3655,7299,1.3377157
3656,7301,1.087303
3657,7304,1.197772
3658,7306,1.2441305
3659,7308,0.17472957
3660,7309,0.39711595
3661,7312,0.12783578
3662,7313,-1.1405425
3663,7314,-0.027380392
3664,7316,-0.086408086
3665,7319,1.1953455
3666,7321,0.77454966
3667,7323,0.15069489
3668,7324,1.0785764
3669,7325,0.29569373
3670,7328,0.35879636
3671,7330,-1.2167388
3672,7334,0.31908983
3673,7337,1.300052
3674,7338,1.2900032
3675,7339,0.028149478
3676,7341,0.18699999
3677,7342,1.3574097
3678,7344,1.2462605
3679,7345,0.92724335
3680,7347,0.73087627
3681,7349,1.2675711
3682,7350,0.25674343
3683,7353,0.6107289
3684,7355,1.2252208
3685,7356,0.15916172
3686,7357,1.3578508
3687,7358,0.8313946
3688,7360,0.290219
3689,7363,0.516723
3690,7364,0.45999166
3691,7366,0.99706906
3692,7368,0.3461307
3693,7369,1.3244721
3694,7370,-0.31075573
3695,7373,0.0691208
3696,7374,0.7680214
3697,7375,0.96245515
3698,7377,0.098062985
3699,7379,0.36626154
3700,7380,1.4974092
3701,7382,0.7415696
3702,7383,0.10810693
3703,7385,1.0969328
3704,7386,0.97376543
3705,7391,0.42872885
3706,7394,0.112552665
3707,7396,1.2436253
3708,7397,0.43871593
3709,7399,0.14307608
3710,7400,1.0459951
3711,7403,-1.0893832
3712,7405,1.3231668
3713,7408,0.75276953
3714,7414,1.3296146
3715,7416,0.46945238
3716,7417,0.19481723
3717,7419,0.30184728
3718,7420,0.58939177
3719,7421,0.44552612
3720,7422,0.46102753
3721,7423,0.53189504
3722,7425,-1.0109212
3723,7430,0.4763865
3724,7432,0.939089
3725,7433,0.8138146
3726,7434,1.3958038
3727,7436,0.9336144
3728,7437,0.2616369
3729,7438,1.0996503
3730,7440,0.43904862
3731,7441,0.86487365
3732,7442,1.1615559
3733,7445,0.63699025
3734,7446,0.30031085
3735,7448,1.2007812
3736,7450,0.39483148
3737,7451,0.2335448
3738,7454,0.5084878
3739,7455,0.45045757
3740,7457,1.2470044
3741,7459,0.34248418
3742,7462,0.52109903
3743,7464,0.2335448
3744,7465,0.690979
3745,7466,0.53301793
3746,7467,0.97372335
3747,7469,0.7680561
3748,7472,0.13872275
3749,7473,0.99261564
3750,7479,0.31908983
3751,7480,1.0444843
3752,7484,0.8207195
3753,7491,0.28847116
3754,7494,0.6032854
3755,7495,1.0085921
3756,7501,-0.023647774
3757,7503,0.19748864
3758,7504,1.0392648
3759,7505,0.1701074
3760,7508,1.1509305
3761,7509,0.06679592
3762,7510,-1.1405425
3763,7511,0.943616
3764,7515,0.9589569
3765,7516,0.75842243
3766,7517,0.5918022
3767,7518,0.6358311
3768,7519,0.38734472
3769,7521,1.1613454
3770,7522,0.9687397
3771,7524,0.50700855
3772,7526,1.0075295
3773,7527,0.21394737
3774,7528,0.9916344
3775,7529,0.22601588
3776,7534,0.882736
3777,7537,1.036081
3778,7538,0.18888308
3779,7540,0.5176099
3780,7541,1.135755
3781,7545,1.3482908
3782,7551,1.216276
3783,7553,0.5239307
3784,7554,0.9660609
3785,7555,0.53852445
3786,7561,1.1395425
3787,7562,0.33335495
3788,7564,0.92073184
3789,7565,0.46735868
3790,7566,0.06395748
3791,7567,1.0472859
3792,7569,1.0121001
3793,7570,0.32553262
3794,7571,1.1644319
3795,7572,0.5892653
3796,7574,0.6531769
3797,7578,1.3825152
3798,7579,-0.14598499
3799,7586,0.21738136
3800,7587,-0.27374232
3801,7590,0.26306245
3802,7593,0.99261564
3803,7594,0.96365005
3804,7595,0.06395748
3805,7600,0.23451489
3806,7601,-0.77973527
3807,7602,-0.19920728
3808,7603,1.2186469
3809,7604,0.22698091
3810,7606,0.36209852
3811,7608,1.2473413
3812,7613,-1.1625656
3813,7615,1.3453367
3814,7616,0.9434981
3815,7617,1.4405227
3816,7618,0.21394737
3817,7619,1.0851487
3818,7622,0.8839449
3819,7623,1.0974298
3820,7624,1.0377263
3821,7625,0.6595868
3822,7626,0.52234024
3823,7627,0.98705715
3824,7628,-0.7631667
3825,7631,1.2300619
3826,7632,1.0492076
3827,7633,0.121036194
3828,7634,0.627659
3829,7635,-0.19786222
3830,7636,1.3416373
3831,7637,1.3416373
3832,7639,0.14414735
3833,7640,-1.2679342
3834,7644,1.2068678
3835,7645,-0.24706712
3836,7648,1.0995067
3837,7649,0.497997
3838,7650,1.4006745
3839,7652,0.690979
3840,7653,0.17850175
3841,7655,0.5897121
3842,7659,0.9980638
3843,7662,0.43533683
3844,7664,-0.04161402
3845,7666,0.29281074
3846,7668,0.80373305
3847,7669,1.1555473
3848,7670,0.34935683
3849,7672,0.8301279
3850,7673,1.4293483
3851,7678,0.12733479
3852,7679,-0.6524591
3853,7680,0.4945207
3854,7683,-0.0980454
3855,7685,1.5513513
3856,7688,0.17024349
3857,7690,0.9932098
3858,7692,0.24979052
3859,7693,0.03500643
3860,7695,1.300052
3861,7696,0.97683275
3862,7698,0.09624465
3863,7699,1.3364724
3864,7702,0.36513263
3865,7703,1.399506
3866,7704,0.6406127
3867,7707,0.943616
3868,7713,-1.0519608
3869,7715,0.90294176
3870,7717,1.35739
3871,7718,0.507098
3872,7719,1.0909868
3873,7721,0.62912065
3874,7722,0.32222962
3875,7725,0.54561067
3876,7727,0.7585781
3877,7730,-0.50637954
3878,7733,-0.027198378
3879,7735,0.9751581
3880,7740,1.4264491
3881,7741,1.269951
3882,7742,0.076328434
3883,7744,0.80836564
3884,7747,1.093877
3885,7750,-1.014504
3886,7752,1.0374739
3887,7754,1.4744879
3888,7756,0.9706734
3889,7757,0.07994812
3890,7758,1.0514765
3891,7760,0.49342677
3892,7761,0.071862854
3893,7763,0.77862626
3894,7765,0.3763405
3895,7767,1.3767117
3896,7768,0.45875186
3897,7771,0.13339223
3898,7773,-0.022579402
3899,7774,1.1191217
3900,7776,0.39843696
3901,7779,0.9130371
3902,7783,0.7374736
3903,7786,0.8543194
3904,7787,0.61211294
3905,7789,0.9148253
3906,7791,0.2306751
3907,7793,1.1124066
3908,7794,0.67582685
3909,7795,0.08913142
3910,7799,-1.0852343
3911,7800,0.67031986
3912,7802,0.627817
3913,7805,0.50285584
3914,7807,0.92289966
3915,7808,1.1060371
3916,7811,1.0934345
3917,7817,0.9495129
3918,7818,1.0690964
3919,7819,0.302119
3920,7822,0.15550976
3921,7823,1.4187561
3922,7825,1.4363207
3923,7828,0.22621185
3924,7832,0.0016214894
3925,7833,-1.1633732
3926,7834,0.7910175
3927,7835,0.8082461
3928,7837,0.29575866
3929,7840,0.114457764
3930,7842,0.09918084
3931,7843,1.3363649
3932,7844,0.25510228
3933,7846,0.071862854
3934,7850,0.27182496
3935,7853,1.2551967
3936,7855,1.1686836
3937,7858,0.97441065
3938,7863,1.1461681
3939,7865,1.3186549
3940,7866,0.6038092
3941,7868,-0.061453786
3942,7869,1.5137897
3943,7871,-1.2300838
3944,7872,0.20568201
3945,7874,0.9540253
3946,7877,1.2980403
3947,7878,-0.27858236
3948,7879,1.2376894
3949,7881,0.046573672
3950,7883,0.4871582
3951,7885,0.38912547
3952,7886,0.53363687
3953,7889,0.19671279
3954,7890,0.8577499
3955,7891,0.26736495
3956,7893,0.07423923
3957,7894,0.529324
3958,7896,1.426649
3959,7898,1.1407986
3960,7901,1.0306456
3961,7902,0.7402051
3962,7904,0.56028914
3963,7905,0.2793706
3964,7906,0.7713055
3965,7909,0.23510018
3966,7910,0.9820234
3967,7913,0.5763013
3968,7918,1.3446511
3969,7919,-0.12876517
3970,7923,0.017295532
3971,7925,0.06744554
3972,7927,-0.26693782
3973,7930,1.1329178
3974,7932,0.26675165
3975,7933,-0.0338467
3976,7935,0.014904522
3977,7939,0.41771483
3978,7942,0.033414844
3979,7943,0.69941854
3980,7945,0.46784627
3981,7946,0.35073602
3982,7948,1.0620166
3983,7949,0.97627443
3984,7950,0.21446095
3985,7951,1.3767117
3986,7955,1.028151
3987,7959,0.48837325
3988,7960,1.4264491
3989,7961,0.17981872
3990,7962,0.8783866
3991,7964,0.45265305
3992,7965,0.3662945
3993,7966,1.2410673
3994,7967,1.2281705
3995,7968,0.38481116
3996,7971,0.80096877
3997,7974,-0.12876517
3998,7976,0.88161117
3999,7978,1.3047892
4000,7982,1.4264491
4001,7983,0.22933814
4002,7984,1.0115666
4003,7986,-0.04812112
4004,7989,0.97627443
4005,7991,0.7402051
4006,7992,0.9452603
4007,7993,0.3135543
4008,7994,1.3427767
4009,7995,0.0016214894
4010,7997,0.16676344
4011,7998,1.0115666
4012,7999,0.9495129
4013,8002,-0.17773043
4014,8007,0.11536189
4015,8009,0.640769
4016,8011,-0.033227798
4017,8013,0.43474275
4018,8015,0.9811641
4019,8017,1.1463587
4020,8019,1.5372561
4021,8023,1.0523659
4022,8024,1.4089745
4023,8026,1.4467207
4024,8027,-0.14530279
4025,8029,0.053985853
4026,8030,1.1215478
4027,8031,0.023201581
4028,8033,0.418845
4029,8035,0.445978
4030,8036,0.7272765
4031,8039,0.8654513
4032,8042,-0.20302227
4033,8044,0.1839295
4034,8046,-0.612774
4035,8048,1.4705206
4036,8049,0.2793706
4037,8050,1.0170758
4038,8053,0.79308933
4039,8054,-0.21214736
4040,8059,0.17832193
4041,8061,0.09538346
4042,8062,1.1710955
4043,8064,0.8749134
4044,8066,0.4990449
4045,8067,0.15752041
4046,8068,0.08166733
4047,8070,0.5007831
4048,8071,1.1875474
4049,8072,0.07771096
4050,8076,-0.07292835
4051,8080,0.09790818
4052,8081,1.2066712
4053,8084,0.75648135
4054,8087,0.87387216
4055,8089,0.011145056
4056,8090,1.5512635
4057,8091,1.078711
4058,8094,1.1814772
4059,8100,0.2369813
4060,8101,0.24252877
4061,8110,0.20641539
4062,8111,0.7402051
4063,8112,0.5225829
4064,8115,1.1247824
4065,8116,0.6241135
4066,8118,0.8749134
4067,8121,1.6343418
4068,8125,1.4491755
4069,8127,0.85824686
4070,8128,0.19279876
4071,8129,0.80534565
4072,8131,0.1684014
4073,8138,0.1639832
4074,8139,1.0204328
4075,8140,0.26748392
4076,8141,-0.022579402
4077,8142,1.3776428
4078,8143,1.2234718
4079,8145,1.4467207
4080,8146,0.038527448
4081,8148,1.305873
4082,8153,1.2898909
4083,8154,-0.1431914
4084,8155,1.3863324
4085,8161,0.19636628
4086,8162,1.2393996
4087,8163,0.06764989
4088,8166,1.1390473
4089,8168,1.1321939
4090,8170,0.14728817
4091,8172,0.723369
4092,8173,-0.13761002
4093,8176,0.9084764
4094,8179,0.8179316
4095,8181,0.08453806
4096,8182,1.618318
4097,8184,1.4727715
4098,8190,0.5359244
4099,8191,1.0633258
4100,8194,0.8423192
4101,8196,0.8512698
4102,8198,0.78883284
4103,8199,1.2866453
4104,8201,1.2996458
4105,8202,0.17079109
4106,8207,0.33552018
4107,8208,0.773936
4108,8211,1.2395096
4109,8214,0.99183154
4110,8217,0.7275551
4111,8218,0.5559564
4112,8222,0.25875202
4113,8229,0.9743301
4114,8231,-0.093625344
4115,8233,0.35523096
4116,8236,0.8079764
4117,8238,1.3015615
4118,8240,1.0322633
4119,8243,0.3977738
4120,8246,0.7568126
4121,8250,0.27140075
4122,8254,0.33176243
4123,8256,-1.1911219
4124,8257,0.8617551
4125,8258,0.4247818
4126,8260,0.17261249
4127,8261,1.0982373
4128,8263,1.1801684
4129,8264,0.1646609
4130,8267,1.1930896
4131,8268,0.45246828
4132,8271,0.3338941
4133,8272,0.773936
4134,8275,0.26801467
4135,8276,0.17973702
4136,8277,1.3418657
4137,8278,1.5801297
4138,8279,0.05028828
4139,8280,1.4790355
4140,8281,0.4888221
4141,8282,0.898194
4142,8287,1.3339063
4143,8288,-0.1607843
4144,8289,1.2426242
4145,8294,0.25167054
4146,8296,-0.0917122
4147,8299,0.7785355
4148,8302,1.0075116
4149,8308,1.5565124
4150,8314,0.91646117
4151,8315,0.8170878
4152,8316,1.2050225
4153,8317,0.14270443
4154,8319,1.0724028
4155,8320,-0.083098084
4156,8321,1.6851283
4157,8323,0.16509192
4158,8325,0.18409553
4159,8326,1.5210731
4160,8328,0.71170884
4161,8330,0.6832326
4162,8331,-0.16643396
4163,8332,1.3678745
4164,8334,0.21790272
4165,8338,-0.011063046
4166,8339,0.42022204
4167,8341,0.023546219
4168,8345,1.1883692
4169,8346,0.070512675
4170,8347,0.80518466
4171,8349,0.17484476
4172,8351,0.17419232
4173,8352,1.4533987
4174,8353,0.71170884
4175,8355,0.7167168
4176,8358,0.9878597
4177,8359,0.5880758
4178,8360,-0.082815245
4179,8361,1.0531425
4180,8363,0.712902
4181,8364,0.079288654
4182,8365,0.23889904
4183,8366,1.0581119
4184,8370,1.3836216
4185,8372,0.01116711
4186,8376,0.107026674
4187,8377,0.7916876
4188,8379,1.2819551
4189,8380,0.036553964
4190,8381,0.93999434
4191,8386,-0.19952819
4192,8388,0.9280991
4193,8389,0.7452897
4194,8391,1.222902
4195,8394,0.33176243
4196,8396,0.92643297
4197,8398,0.20116763
4198,8400,1.3100433
4199,8401,-0.19923598
4200,8404,0.023546204
4201,8407,0.48059243
4202,8408,1.3838729
4203,8409,0.6559616
4204,8410,0.88508826
4205,8411,0.39885563
4206,8413,0.43335307
4207,8414,1.4865986
4208,8416,0.13841762
