ID,y
1,78.26065024
2,93.87365285
3,79.30929786
4,77.85518559
5,110.5761548
8,91.99514449
10,109.4538506
11,95.06987229
12,117.6777087
14,94.47782947
15,116.3479115
16,105.8095101
17,94.39002249
19,94.52447487
20,105.4937506
21,94.37722364
22,116.730989
23,94.39002249
26,95.19539679
28,95.1672895
29,94.39002249
33,94.39002249
35,95.1357389
41,94.39002249
42,93.88990019
43,118.3411972
45,101.4909361
46,103.6322533
51,94.65828552
53,79.02811163
55,112.6249062
56,94.29906447
57,103.7550152
58,95.07089349
59,103.1775736
63,112.5504895
64,94.59773669
65,105.5588961
69,95.20583067
71,94.8877896
72,104.6846023
73,94.63707364
76,103.5495475
77,104.0884571
78,117.0100444
82,94.61222637
83,105.5588961
84,94.49876004
85,103.3742266
87,112.5591487
88,94.39002249
89,112.6231005
91,94.46458414
93,95.3101768
94,104.6078181
95,93.7802074
96,112.1132107
97,93.55483513
98,112.5811047
99,94.38812213
101,103.8414967
103,112.6231005
104,94.2047163
105,112.575339
110,95.50716778
111,112.5001523
113,112.4968388
114,94.20552742
115,112.6567081
117,112.6231005
120,94.36668016
121,112.5673752
122,93.47025749
123,111.9823907
126,112.5873347
132,113.8029415
135,105.110289
137,103.5691347
138,94.50000656
140,94.3765726
142,112.8108099
144,112.6563772
148,93.39902289
149,112.6631207
155,93.52408267
156,112.5610176
157,93.55483513
162,112.7319297
163,95.18693038
167,94.63862564
172,118.3411972
179,112.6305331
180,93.54857166
181,112.4964506
182,94.801278
183,112.6231005
185,112.6231005
187,112.5955355
188,94.53471824
189,94.52586068
191,94.32837224
192,112.7835813
193,94.55423929
194,112.4521287
195,93.8651703
196,112.622538
198,95.38768843
199,112.6563772
201,104.6699905
204,94.50000656
205,105.3391218
206,94.27293604
210,94.46810035
211,103.8414967
216,112.6697845
219,117.6661342
220,94.12862421
221,112.5241305
226,112.4964506
227,94.29174581
228,112.6128444
230,112.6128444
231,93.55483513
235,116.812606
236,94.40506398
238,112.5851645
242,104.3774266
243,94.3339766
244,79.8732611
245,112.0117829
247,112.6004906
248,93.66419771
249,94.12516123
250,112.5593486
251,94.40506398
253,116.812606
254,94.03954943
256,94.36984233
257,93.26855483
258,113.0889286
259,94.38812213
262,80.37566202
266,94.0399765
267,112.5569577
272,103.4678062
273,112.6231005
275,93.63165968
276,112.1460126
279,95.58135104
280,105.5588961
283,94.05806602
285,112.0654228
288,112.6231005
289,95.60771421
290,104.6052105
291,94.41894305
292,112.1492485
293,112.5713885
296,93.50706866
297,112.5244992
298,116.9037895
299,94.61222637
304,94.31991829
305,83.2370008
306,94.32688025
307,112.4964506
311,112.5500644
313,112.4964506
314,93.40439811
316,94.27444875
324,94.30807707
327,95.7173715
329,94.19119391
330,112.4521287
337,103.4940018
338,94.5429042
339,104.8862301
340,94.47575999
343,93.75564029
345,116.3479115
346,94.18866845
347,112.5569577
349,112.8323588
350,94.30622516
352,112.5404647
353,93.67816761
354,79.2827938
357,94.21584957
358,112.7023311
362,112.5829479
364,116.9945477
365,104.2366603
366,94.18689493
367,112.6431207
368,94.50000656
370,78.83933114
373,95.07410289
377,93.84562375
378,112.0084061
382,103.6179034
384,112.6128444
390,93.70373339
392,112.5534249
393,113.1900711
395,94.64435916
396,104.8686486
399,79.09680138
406,112.4964506
408,112.4964506
409,94.18779747
410,79.12274625
412,112.492316
413,93.19316045
419,93.71267365
420,112.5174791
421,93.2330924
430,104.9178875
434,94.45310543
436,94.46665145
437,94.37480238
438,93.41793125
439,112.6286974
440,94.58232283
443,112.6877806
446,94.57600014
448,94.03165277
452,94.58408081
453,104.4998293
457,104.5859098
458,94.47388399
459,114.1920238
460,103.6219189
462,104.5613414
464,103.6439891
465,117.6777087
467,117.3944892
471,112.6176332
472,79.01153976
473,93.79783179
475,94.50000656
480,95.00223623
488,112.4423628
490,112.4964506
491,104.2361016
492,78.45321869
493,94.32500793
497,93.4463262
498,112.5305323
499,95.28522969
500,104.0033305
501,94.55139212
502,112.6938324
506,78.96308634
510,112.5263425
511,94.18271604
512,94.12998525
516,93.4681267
518,93.7079927
519,111.9645299
521,93.84858489
522,112.5522849
526,112.6394418
529,94.3546118
532,112.570908
533,94.10609177
536,112.7065002
537,93.96621454
539,94.63707364
540,104.2361016
541,94.36807274
543,94.60336881
546,112.6004906
547,94.15046171
548,79.84073259
551,94.39223648
552,103.6446917
556,103.6216956
557,95.76527317
558,112.6431207
559,94.70217176
560,105.6788598
562,105.8915156
566,94.78918365
570,112.5305323
571,94.37480238
572,105.7242641
573,94.5952499
575,117.6777087
576,112.3141326
577,94.30402409
579,93.23476341
580,112.4855526
581,113.8029415
589,112.4964506
591,103.219755
593,94.53375675
594,102.8918025
595,94.68225163
598,94.30527214
602,112.6004906
604,112.5810884
606,112.525325
608,94.17409609
609,104.1082922
610,94.65828552
616,112.5569577
617,95.01378129
618,103.0509547
620,104.1631607
622,112.583922
623,93.45603679
624,142.3375322
626,112.595055
628,112.595055
629,94.41595622
630,112.6128444
637,94.33523467
638,104.1990094
643,95.43368166
645,95.00223623
646,116.8097247
648,95.01441321
652,94.78918365
653,94.29729425
654,112.5305323
656,112.5322777
657,94.71065454
659,93.87697389
660,104.6074869
663,93.95261961
664,112.6563772
666,104.5277071
668,112.5003522
669,94.08597691
671,95.53922292
675,93.51895561
677,94.41753772
678,112.1073648
679,104.647598
682,95.06653507
685,104.2990219
687,94.38690565
688,94.32531543
693,112.1088899
696,95.57112158
698,95.17601609
701,95.19835465
704,104.7759579
705,117.8118669
709,112.7276405
710,94.14065603
711,104.6043801
712,95.01202245
714,112.5056654
715,94.35107063
716,112.4964506
717,94.32898929
720,116.3335943
721,94.32837224
724,104.3350399
725,94.35476388
726,112.0603793
728,112.4221436
731,94.36668016
734,104.1753274
738,94.5312499
745,112.5713885
746,94.15003079
751,79.17663107
754,94.20764946
756,94.05865571
758,94.25978071
759,112.5274852
761,117.0823748
766,94.44069229
767,112.0531592
768,93.45603679
769,112.7029512
770,94.79119256
771,78.45321869
772,104.3925756
773,94.45276815
774,112.5305323
776,112.6128444
777,94.18098577
780,118.5163851
782,104.2779209
787,103.2593053
788,94.63707364
792,93.51724546
793,112.5773812
798,95.28619364
800,93.66339322
806,112.4964506
809,112.5832957
811,112.8357416
812,94.02418137
814,117.7397632
816,104.2146372
817,94.67367912
818,112.4644933
820,112.524943
823,94.53441566
829,93.35760322
830,112.7465642
831,93.4876292
834,112.570908
839,94.45828102
841,79.26082933
844,104.1084159
845,94.59838033
848,94.31991829
850,94.2731558
851,103.6620952
852,93.69375734
854,93.97327965
855,95.78730977
856,102.5549306
859,103.3660124
861,112.5305323
864,94.29926086
865,112.5305323
866,94.17420052
867,94.36424644
869,95.11761851
871,94.03752799
872,112.4964506
882,103.657109
883,94.45310543
885,94.55244993
888,95.71777383
893,112.4964506
901,112.1073648
903,104.2779209
904,95.04176029
905,103.8152295
910,95.15634063
911,112.6448851
914,112.7065002
918,111.9137423
921,93.39092896
928,94.48283517
929,103.8764832
932,94.40563192
933,104.3225199
934,95.15634063
935,112.5569577
937,79.37613562
939,94.61222637
940,103.8699348
941,94.41069756
942,104.5567047
943,95.2368768
944,103.9316101
947,112.4964506
949,112.6270423
951,111.8776282
952,94.62488015
953,104.2779209
954,79.14726773
957,112.6128444
959,93.38600165
960,118.0496589
963,117.7397632
965,112.4964506
967,104.0998415
971,94.40206858
972,79.38002916
973,95.0003949
974,112.6128444
975,94.43023369
978,114.5953232
980,112.6424269
981,95.46102901
984,112.2148159
986,95.15634063
988,93.45603679
989,112.546228
990,104.0424434
992,112.1073648
996,94.37480238
999,112.6682713
1000,94.3489247
1001,112.5305323
1002,93.514165
1003,112.6128444
1004,93.25769618
1008,112.570908
1009,94.0230629
1010,105.7563686
1012,118.074575
1013,93.89014997
1014,112.5266218
1015,93.83948366
1016,117.7640258
1019,93.82086317
1020,112.613179
1021,95.15634063
1022,104.2751756
1024,95.15634063
1025,79.51079816
1027,94.8734415
1028,104.3295368
1029,94.03675797
1030,94.31503227
1033,112.6563772
1036,95.40571516
1037,112.5449632
1038,94.18152368
1042,94.61222637
1043,104.1514465
1044,94.19939237
1045,112.595055
1047,116.2368992
1050,94.54346362
1051,112.4964506
1054,94.47388399
1056,95.46102901
1057,94.39320023
1059,94.45239998
1062,105.489614
1063,105.4870813
1064,95.46102901
1066,94.14407676
1070,105.1390384
1076,112.5655063
1077,94.27982316
1078,112.2392497
1080,112.5955355
1082,112.7138426
1083,95.65477075
1089,112.8538135
1091,95.71777383
1093,94.57600014
1097,95.58676447
1099,94.05298498
1101,95.15634063
1103,94.37017903
1104,112.6109081
1106,112.4665098
1109,95.12504412
1110,112.4521287
1111,95.60999427
1112,113.5776086
1114,94.65828552
1116,94.12019397
1117,112.6349198
1120,94.24156866
1124,112.6563772
1125,93.49461658
1126,112.6235888
1134,112.5569577
1137,93.67045185
1138,112.6090392
1144,112.4964506
1145,94.68225163
1146,93.40439811
1148,94.43023369
1150,94.25170009
1152,104.1084159
1153,94.47432137
1154,103.8952291
1155,94.53471824
1157,93.86713616
1162,94.61222637
1165,112.6563772
1166,93.86393139
1167,104.131297
1168,95.29952139
1169,103.3660124
1171,116.7166718
1172,95.55881167
1173,103.3660124
1174,94.40041798
1176,95.2267461
1177,103.6307734
1178,94.21584957
1182,112.5886974
1186,95.00223623
1187,113.6565182
1188,94.12516123
1189,118.5163851
1191,104.6996206
1192,94.59663174
1197,112.5158365
1198,94.26628712
1200,79.19902742
1201,94.48225812
1203,96.33281439
1209,117.7397632
1214,104.1026069
1218,112.6061582
1222,94.31481196
1226,95.45402318
1228,94.51602419
1230,94.15040088
1232,79.55113014
1233,93.72218417
1236,116.2630047
1238,94.40127154
1241,112.4964506
1244,104.5582779
1246,93.70530547
1247,112.6222304
1250,112.6627487
1251,94.17532948
1254,112.4566336
1255,94.22142797
1256,111.901597
1257,93.55041944
1258,94.26007766
1259,112.4964506
1260,94.56785796
1263,112.4964506
1267,78.53047352
1268,111.7183319
1271,94.57965527
1272,112.4964506
1274,105.0983777
1275,94.61222637
1276,112.4964506
1277,94.16024697
1279,93.40439811
1281,94.19526816
1282,94.12516123
1283,112.5554445
1285,112.5655306
1286,93.17955017
1289,112.595055
1296,112.2754763
1299,94.37486347
1301,94.37480238
1306,93.82364839
1307,94.07726984
1308,94.29549322
1313,112.4964506
1314,94.6343473
1315,112.4521287
1316,94.33813295
1317,112.4964506
1319,94.25870962
1323,95.00223623
1324,104.8653013
1325,94.2923342
1328,104.5619244
1329,94.91109795
1330,112.5305323
1331,93.84457906
1332,104.0344977
1337,94.52608783
1338,112.0373573
1339,93.84858489
1340,112.6258887
1343,112.6448733
1347,104.6606119
1348,94.20200948
1349,104.9502613
1352,93.40173486
1354,95.8479094
1359,112.582249
1360,95.19643077
1363,112.4924275
1364,95.64515675
1365,103.69384
1366,94.06673677
1372,94.45640008
1375,104.3023563
1376,94.39260929
1378,93.0674339
1379,112.7188167
1380,95.19643077
1381,103.3656509
1384,112.7665255
1387,94.37486347
1388,112.5410126
1392,79.08457321
1394,103.4665896
1395,94.4305434
1396,112.4924275
1398,94.44106426
1399,112.4924275
1400,93.96475541
1401,94.45103355
1403,94.35155018
1404,112.7463188
1406,112.4924275
1407,94.62405194
1408,112.4924275
1410,78.9791617
1412,112.4924275
1413,94.57600014
1415,94.5330274
1420,112.4924275
1422,112.602135
1423,103.9336548
1424,112.4924275
1425,94.49289196
1426,78.9791617
1427,96.37290452
1429,93.6601371
1430,112.5483171
1431,95.66222058
1432,103.8233893
1434,112.6868433
1437,94.62510726
1438,104.2782414
1440,112.5257839
1441,112.5759969
1442,94.23210591
1444,112.1719402
1445,94.59856915
1446,103.9854524
1448,94.61014777
1453,94.15630648
1454,112.4924275
1455,94.59663174
1456,112.7474497
1458,112.4924275
1459,94.0796071
1461,94.12364275
1465,94.37486347
1466,112.1613146
1469,95.04232637
1472,94.15630648
1474,94.50206369
1477,112.4901665
1479,112.0587828
1482,93.57626811
1483,79.69636477
1487,95.07941589
1488,112.5060387
1490,112.5800568
1492,112.6585179
1494,118.6359627
1496,103.374557
1497,94.64373763
1499,96.08462082
1502,94.31838397
1507,112.7015953
1508,93.40173486
1509,112.4370989
1511,94.15003079
1512,111.8817843
1513,115.9324629
1514,104.1896016
1518,112.6042037
1519,93.22836146
1522,112.5705613
1524,79.26384468
1527,94.23210591
1529,93.88374768
1532,103.9896965
1536,112.7687582
1537,117.7974977
1539,105.3123594
1542,112.6108983
1543,94.39260929
1544,104.2190042
1545,79.46608345
1550,94.45251449
1551,112.5315108
1554,105.9362016
1556,104.2543056
1559,93.56667578
1560,79.53551843
1562,94.91190692
1566,93.23654296
1567,112.5883507
1569,104.6434201
1570,113.5531149
1571,112.707436
1574,93.40173486
1578,104.4238106
1580,94.1515265
1583,112.407133
1584,93.40173486
1585,112.3633521
1586,94.66507015
1587,112.5883507
1588,93.42612997
1590,116.0286717
1592,103.7831665
1596,113.3805132
1598,112.0663996
1599,94.56414675
1604,117.4449948
1606,102.5775916
1607,94.57600014
1608,104.5612006
1609,116.5992631
1611,94.44748913
1613,95.70181516
1616,95.16345675
1619,112.2468919
1620,93.89778626
1621,112.5606709
1622,94.21628152
1625,112.0741227
1627,116.5992631
1629,112.0009532
1634,95.31359153
1636,94.31745249
1638,103.6181535
1639,94.4204413
1641,96.40634114
1643,94.40124538
1644,103.8570854
1645,118.6284807
1646,94.38507616
1647,106.1671923
1648,95.37111075
1652,94.1515265
1653,112.6077366
1656,93.57150505
1658,94.56414675
1659,112.4481055
1661,94.48006614
1663,94.57600014
1664,112.5940515
1665,94.51912361
1666,104.2543056
1667,103.496081
1668,79.75681049
1669,104.3768496
1670,94.4292084
1672,112.6318836
1674,112.5225987
1677,112.5060387
1678,93.59338116
1679,112.5883507
1680,94.28745533
1683,103.6373572
1686,103.7764509
1687,112.602135
1689,112.6390976
1690,94.23112587
1691,116.3021358
1692,112.6613503
1693,93.40173486
1695,94.46501433
1696,94.15630648
1697,112.4481055
1700,104.2543056
1701,95.02291832
1702,112.5883507
1703,93.3817548
1704,112.6781114
1706,95.12567131
1707,112.1734117
1708,95.42625165
1710,95.08943146
1711,103.8069893
1713,105.076908
1717,103.7773544
1719,104.4238106
1720,94.51527594
1722,94.37413637
1725,104.0842672
1726,95.31562564
1727,104.283462
1729,112.5899472
1730,94.05864389
1731,112.4066193
1733,104.2543056
1734,94.63324253
1735,112.602135
1738,95.70181516
1742,94.26293673
1745,112.5225987
1747,95.1455896
1749,95.74658594
1751,95.29455602
1752,79.14196376
1753,102.4067988
1754,94.41485391
1755,94.50000656
1756,104.9260238
1758,112.6390976
1759,94.59663174
1760,104.8272277
1761,112.5450516
1762,94.17304581
1763,111.6938383
1764,93.96838987
1766,95.08870392
1768,94.3276728
1769,79.0045213
1771,112.7131515
1772,94.57888012
1773,103.9647395
1774,95.45573695
1775,112.5254245
1777,112.6362127
1779,94.59663174
1780,105.8781531
1787,93.3817548
1788,93.74346224
1790,95.42210921
1796,112.5883507
1801,93.43301597
1803,94.84798217
1807,112.6023349
1809,112.650657
1812,94.26916079
1813,112.5433046
1814,94.31470072
1815,111.5426212
1816,94.48427423
1818,94.06174898
1820,94.24392471
1821,116.2063885
1822,94.42249843
1825,94.27693063
1826,103.7904318
1828,95.34724172
1831,104.4520247
1836,112.3818551
1837,94.18763904
1841,94.50206369
1844,101.968236
1848,93.69790451
1851,105.2494941
1852,95.66365604
1853,93.62997831
1854,112.6038494
1856,94.86493349
1859,112.650657
1860,95.26595149
1861,79.29761762
1863,104.3842627
1865,94.42695389
1866,104.9113572
1867,94.44145375
1868,93.44296346
1872,94.39131622
1879,94.22377492
1880,103.8941405
1882,94.3731419
1885,103.6373572
1887,104.2862703
1888,94.35561782
1890,112.2548027
1894,95.61906234
1895,103.8750453
1896,95.23762142
1897,112.3789079
1900,112.5505412
1901,93.56667578
1902,112.1947631
1905,94.23851723
1906,112.2005491
1912,104.3728098
1915,95.0932145
1916,104.7039696
1917,94.99324796
1918,103.7955368
1920,79.25613526
1923,94.26019829
1924,104.3492225
1925,95.23661571
1930,116.6213142
1932,112.4924275
1933,94.22775646
1934,112.6583846
1935,93.56667578
1940,78.95727296
1941,93.76693786
1942,112.6693387
1943,94.24428956
1944,93.05678958
1945,111.7201397
1948,117.8195488
1949,94.17453454
1952,94.49206435
1954,93.42065445
1955,112.4924275
1958,94.12990024
1959,78.87327474
1960,111.6938383
1963,94.50000656
1965,94.48921175
1968,104.1531388
1969,95.56240393
1971,94.52447487
1972,112.5426891
1973,93.26998884
1975,93.32950208
1977,94.60480894
1978,94.49245573
1979,112.5324641
1981,93.32950208
1982,112.786307
1987,112.8036496
1988,93.23654296
1993,94.2903256
1997,93.83611916
1999,94.97254271
2001,95.61906234
2002,116.2186752
2003,94.01157258
2004,79.69521385
2006,112.5324641
2007,94.77060808
2009,105.4859815
2010,94.41230982
2013,95.67094933
2018,79.37016365
2022,104.3009385
2024,111.9302387
2025,94.43055682
2026,104.3971096
2030,105.6476397
2031,94.35195822
2032,104.3728098
2033,95.21070798
2035,93.82168455
2036,112.5324641
2037,93.62175434
2040,95.55605926
2043,113.7476264
2044,105.3725469
2046,104.6772604
2054,112.6898338
2055,94.49433409
2056,105.8781531
2059,93.89337088
2060,93.56667578
2062,93.61038417
2063,112.4135501
2066,95.61906234
2067,112.602135
2072,94.22662015
2073,112.5248551
2074,95.50446956
2075,112.6788608
2076,93.76458877
2080,94.25759022
2082,93.56667578
2085,112.179713
2087,112.4187057
2091,112.040859
2092,94.51657554
2093,105.8781531
2098,94.36253008
2101,111.6938383
2102,94.04548263
2103,78.95727296
2105,104.9117732
2106,94.5952499
2107,112.6788608
2110,94.58408081
2114,94.43941677
2115,112.63979
2117,78.97727111
2118,93.86814536
2119,104.5452144
2120,95.40159973
2122,93.53467528
2123,112.5365239
2126,94.52447487
2127,104.5886084
2128,94.56196889
2129,112.0493785
2132,95.5911936
2135,104.2156866
2138,94.44923727
2139,116.6213142
2141,112.6655982
2142,93.88005476
2146,94.43135551
2151,112.7357346
2157,103.9540797
2159,112.428357
2162,94.44828716
2164,117.8422539
2167,93.2517794
2168,112.1851211
2171,94.1523099
2173,94.32113752
2174,103.959485
2175,94.14131082
2178,94.55064255
2180,95.71463953
2185,112.397156
2189,93.79222886
2190,112.5183936
2192,103.5266918
2194,115.5794378
2200,112.4054298
2201,94.05102814
2203,111.99679
2204,93.82680628
2205,111.8543927
2209,112.4750833
2213,104.1414991
2214,94.02160384
2215,112.4444364
2216,94.05102814
2218,93.83318951
2219,105.2754389
2220,94.26575298
2222,93.4466246
2223,112.4407168
2225,112.3991558
2226,94.28101763
2230,94.37021667
2233,112.4088484
2234,111.8725162
2235,93.82680628
2236,79.59025685
2237,93.77639617
2240,113.1115615
2241,94.30306249
2248,103.7286499
2249,94.30026839
2250,112.2988731
2252,112.373009
2253,94.09255823
2254,112.3465836
2256,79.42415061
2258,93.98975168
2259,112.4128532
2262,95.71463953
2265,94.55064255
2266,104.1392641
2269,94.35209514
2271,94.60550034
2273,93.60828357
2274,112.1438909
2275,94.10818954
2277,94.23861763
2279,93.82680628
2280,79.84708463
2282,95.71463953
2283,103.1013498
2288,93.21806054
2289,112.6090318
2291,94.4734027
2292,117.0689902
2297,94.25072516
2298,103.5827189
2299,94.47754302
2300,112.4214097
2301,93.28551656
2304,94.34029438
2305,104.9326567
2306,95.71463953
2308,93.59909074
2309,112.3425755
2311,93.96145592
2312,104.0703939
2316,103.7301875
2321,103.5983419
2322,111.958586
2325,104.1360645
2326,94.01920713
2329,117.0689902
2330,94.22164116
2331,103.473763
2332,112.3678661
2333,95.71463953
2334,103.760804
2335,111.6238894
2337,111.8931961
2338,94.25071084
2340,112.3678661
2342,93.30684471
2345,93.98112852
2349,94.06964064
2351,79.50696731
2352,94.4734027
2354,112.209181
2355,117.2245156
2357,112.3991558
2358,94.06928522
2360,94.51159116
2361,112.209181
2364,94.07864327
2366,94.37460097
2369,103.6763705
2370,94.4728458
2371,112.4088484
2373,117.3042779
2374,94.18168693
2376,112.44327
2378,112.3952069
2382,94.44300042
2383,93.5099561
2386,104.0363736
2387,95.07547089
2389,94.16152751
2390,112.5223312
2392,93.95404082
2398,112.3678661
2399,94.43457652
2400,93.84735603
2401,112.3035374
2402,94.35014538
2404,94.15538619
2407,112.5539623
2408,112.2040609
2409,112.4922806
2412,79.63849675
2413,95.4553763
2415,93.9981379
2420,112.3763773
2422,94.38426678
2423,102.0339934
2426,94.6180675
2432,94.36449727
2434,93.73176471
2435,94.13144295
2436,112.3072271
2438,112.3669653
2440,112.4959334
2443,94.19423838
2444,94.01182817
2447,103.7286499
2450,94.38196634
2454,94.0401373
2455,112.3301404
2459,95.71463953
2460,112.0776917
2463,94.25652428
2465,94.26397333
2468,78.9791617
2469,93.82680628
2474,93.4209535
2478,94.1655775
2480,94.02412808
2481,113.1115615
2489,95.71463953
2490,105.539321
2492,93.4261475
2496,95.71463953
2497,112.4020121
2500,94.55621961
2505,95.63712247
2507,93.68351404
2508,111.8543927
2509,94.25753999
2510,79.84374503
2513,93.13164923
2515,95.71463953
2518,93.5099561
2519,112.1977966
2520,93.5099561
2521,112.2892439
2523,112.26584
2525,94.22710012
2529,111.8700524
2530,94.15674565
2533,112.5304005
2535,94.14515689
2538,104.4013007
2544,112.5934854
2553,112.4214097
2556,93.70022333
2558,93.18866421
2559,116.8909766
2560,94.23562895
2561,112.4221569
2562,93.96313226
2563,112.0035132
2564,93.72480302
2565,112.4088484
2567,104.5598407
2572,94.51965273
2575,94.53774881
2576,112.4675238
2577,93.85269809
2578,94.61222637
2579,112.4667327
2580,93.62670382
2582,112.3182555
2583,94.35271444
2587,93.65210724
2589,112.4499435
2590,94.59467201
2591,111.8700524
2594,94.14259154
2597,94.16362482
2598,104.355143
2599,94.57404745
2600,103.564209
2602,112.5911203
2603,94.51965273
2604,104.0859247
2606,112.3127858
2607,79.12576308
2608,94.1772954
2613,111.8543927
2614,94.06710376
2615,112.3590587
2617,112.3833125
2620,94.21170445
2623,112.5511349
2624,94.50819225
2627,111.8543927
2629,79.12576308
2630,93.92196513
2632,94.50102806
2636,94.50710561
2639,94.38117882
2640,104.3066877
2642,111.8700524
2644,104.185638
2646,112.3035374
2647,94.37837515
2649,94.42272871
2650,112.3403661
2652,104.1732563
2653,102.2895721
2655,112.2823528
2657,112.3678661
2659,112.2725275
2662,93.59872764
2663,113.1115615
2664,94.44661844
2665,103.3243862
2670,94.490767
2671,103.8246714
2672,93.87450887
2675,104.1732563
2677,112.4038427
2679,112.4032801
2683,112.1917176
2684,94.35349181
2685,94.11556622
2688,103.3516993
2689,94.55992261
2690,103.7286118
2693,94.42297759
2694,112.398518
2697,102.891385
2699,94.517867
2703,93.75968507
2705,103.6263201
2709,79.49236839
2710,94.30126601
2711,111.7950529
2712,93.62261043
2713,94.51914442
2714,112.3644758
2715,93.6343386
2717,93.3555285
2718,112.4053374
2720,112.8488178
2721,94.55212057
2726,94.62774612
2728,94.31788194
2731,104.6619776
2732,112.2725275
2734,94.19770893
2736,103.9908206
2737,94.00775074
2738,103.6439311
2739,112.3940632
2746,93.85378805
2749,103.7147826
2751,118.6647437
2752,104.3577136
2753,94.17757187
2757,105.4026293
2758,94.90366291
2759,111.8828281
2760,94.39443912
2762,112.2434009
2764,94.34889212
2765,112.572644
2769,112.3383241
2771,111.6995945
2774,94.12174567
2776,94.07302247
2777,112.0703118
2778,93.53186502
2779,112.5941642
2782,93.40939601
2784,93.93366273
2787,94.31796729
2789,94.30924981
2792,94.31071882
2798,94.45058336
2799,104.3530778
2800,94.58078029
2801,79.83109898
2802,93.76204782
2804,94.26276505
2807,103.5798285
2808,94.59071388
2809,118.4988099
2811,117.1493548
2812,94.62215242
2814,93.43125116
2816,94.52139994
2817,112.4407168
2818,112.2040609
2820,112.3515707
2821,79.66192424
2822,94.60897992
2823,103.9632591
2824,94.64373763
2826,93.91030883
2829,93.53186502
2834,94.2350945
2835,79.33574662
2838,94.500273
2839,112.4944125
2840,94.22691887
2841,113.194742
2842,95.72578296
2846,113.341123
2848,94.6663283
2849,94.07471301
2850,112.3644758
2851,94.61222637
2853,93.38623488
2854,111.8700524
2858,113.2942762
2861,94.33484683
2864,93.53186502
2865,113.1115615
2866,112.373009
2867,93.95829222
2868,112.4169514
2870,112.0957871
2877,94.32328618
2878,111.8543927
2880,112.44327
2882,79.31668701
2883,94.48725522
2884,103.8724771
2885,94.54256849
2887,95.72578296
2888,111.6328473
2889,94.46519579
2890,103.9167848
2891,94.12576904
2892,117.8480647
2893,94.55367604
2898,112.3823749
2899,94.35532624
2900,112.4891176
2901,94.97320458
2909,94.47936555
2910,112.2576885
2911,112.269156
2913,112.4234766
2914,94.45329894
2918,94.10315975
2919,111.8401378
2920,93.48770059
2921,111.8543927
2922,94.54692226
2923,104.3146556
2925,112.4537527
2926,93.62670382
2927,111.8881758
2929,112.4398439
2933,94.31878839
2934,112.2513057
2936,112.3921226
2941,103.8632096
2942,94.41562515
2943,112.4063047
2945,103.8892396
2950,93.63754794
2951,112.5705613
2953,117.5528352
2954,94.44372121
2955,104.4143185
2956,95.48851741
2960,94.71959284
2962,93.9796357
2963,105.1144381
2964,103.931134
2966,79.69834735
2967,94.56723661
2968,112.7142605
2969,93.30970549
2971,94.22113077
2972,94.67382723
2974,94.48314238
2975,112.1195422
2977,118.6537739
2980,112.531368
2981,93.06692577
2983,94.55807632
2984,104.4215228
2985,117.0689902
2986,104.3867936
2987,94.67382723
2989,93.69629829
2990,112.3090943
2991,94.38196687
2992,79.02641004
2995,102.918116
2996,102.2892487
3002,112.7008358
3004,112.5609047
3005,117.0689902
3006,94.72531756
3010,94.53486055
3011,104.1786615
3014,93.64131554
3015,94.37520326
3016,94.61059327
3017,112.7285004
3018,94.13641476
3021,103.4457161
3024,104.381874
3028,93.73203414
3030,93.56667578
3032,94.44438411
3039,94.75254211
3040,104.559016
3041,95.02350196
3043,94.29945684
3044,112.6139346
3046,112.3802162
3055,93.95334556
3056,112.5915124
3058,93.60735981
3059,112.3820017
3061,117.8422539
3063,104.3774548
3066,94.48689839
3067,104.381874
3068,79.82121999
3069,94.56673229
3072,116.3726724
3073,112.6023349
3074,94.72285771
3077,93.51678749
3082,93.81861875
3084,102.918116
3085,112.2234795
3088,104.212369
3091,93.41807718
3092,112.4940721
3093,94.48947989
3094,104.6619776
3096,112.6583846
3097,94.02433331
3098,79.31668701
3102,116.4842366
3106,92.94583138
3109,94.33620021
3111,93.41903325
3112,117.0689902
3113,94.56673229
3115,94.21210617
3116,112.6347062
3117,94.48947464
3121,112.5317035
3122,94.27384538
3123,94.96794936
3124,104.9322648
3125,94.61059327
3126,103.0909604
3127,116.3284402
3129,93.29502976
3130,112.0138558
3132,103.9450458
3134,104.8542048
3135,95.16615769
3137,79.06145719
3138,94.46119015
3140,92.94245745
3144,112.6028506
3145,94.6556711
3146,112.5324641
3147,94.90164988
3148,103.7466875
3149,105.0106852
3150,112.6232421
3151,94.1760324
3152,94.51253948
3155,94.26215496
3156,112.583943
3159,93.2731006
3161,94.73928287
3162,104.8739872
3163,94.39955182
3165,102.2275196
3172,93.5578242
3173,112.6084346
3176,94.00451185
3177,104.3630061
3179,112.1195422
3183,94.26625659
3186,94.60070143
3187,102.4128271
3189,111.9795912
3190,94.2325197
3192,116.3284402
3193,93.5578242
3194,112.2288479
3197,94.57965527
3198,94.39370711
3200,93.95948476
3201,116.7515016
3202,94.39370711
3204,95.64826589
3205,93.40372853
3206,112.66658
3208,104.1177357
3210,103.4587378
3211,94.46964796
3212,117.8422539
3213,93.94511011
3214,111.6938383
3216,103.9435158
3219,93.4065097
3220,112.6498443
3221,94.56673229
3226,112.4040921
3227,94.74043454
3228,112.411329
3229,94.34221252
3232,78.9791617
3233,94.27995816
3234,93.97622674
3236,94.49869176
3238,112.1123301
3239,111.8483633
3240,93.56547173
3247,112.4368456
3249,103.8266974
3252,117.0044964
3253,94.38907702
3254,104.1817837
3255,94.48502309
3256,112.7008358
3257,94.11418864
3262,94.381801
3263,104.1999873
3264,95.48851741
3266,112.5547654
3267,94.01040942
3269,94.34624601
3272,117.0689902
3274,94.57965527
3275,105.1604947
3277,94.35721515
3279,94.91330083
3280,104.2418375
3283,94.29942486
3285,95.72578296
3287,94.15241809
3288,104.381874
3290,104.5904626
3291,93.93963065
3298,112.5464143
3299,94.09472949
3302,112.1806806
3303,94.84846791
3304,104.4293437
3307,93.73155533
3309,94.10048825
3314,79.83783753
3316,112.5752781
3317,94.87176211
3319,94.37491976
3320,112.5324641
3321,94.62397016
3322,104.6637874
3324,93.1732651
3326,93.37816925
3329,111.908383
3330,93.75961378
3331,112.5324641
3335,117.8480647
3337,94.49689799
3338,104.3976433
3339,94.56386423
3340,112.6149506
3341,93.99071476
3343,94.59671035
3346,93.76899957
3348,95.15739674
3351,104.4361923
3352,117.402008
3355,93.42316687
3356,112.7457359
3358,104.0427168
3359,95.77037666
3360,112.5213061
3371,112.6443107
3372,94.58408081
3374,95.4880765
3377,112.2230199
3378,92.93545561
3380,104.0590124
3382,95.24924974
3386,94.34944577
3389,112.2554345
3391,104.3448918
3393,94.4850527
3394,104.4524297
3395,94.87534915
3397,112.1911594
3398,96.03408914
3399,79.14995527
3400,95.5481382
3404,103.7354287
3407,112.5428815
3409,105.6513003
3419,94.37172914
3421,94.3320378
3425,94.50897969
3427,79.47665697
3428,117.0232262
3429,112.7268219
3431,93.56396538
3435,94.33896554
3436,112.1028206
3439,94.53257937
3441,93.55470552
3442,117.0232262
3443,94.381801
3444,103.8947749
3445,94.53985178
3446,112.7693397
3449,93.56667578
3453,93.83071031
3457,94.5607208
3460,104.0842516
3461,94.66847745
3462,94.15630648
3464,104.4579054
3465,79.82121999
3466,95.06847575
3467,104.573032
3468,94.49645117
3469,104.1017476
3470,103.8755792
3472,112.206819
3473,94.33097058
3475,94.13201424
3476,112.5705613
3478,104.4365698
3479,94.32612853
3483,93.82793766
3484,103.8393696
3485,94.99279535
3487,94.12763533
3488,112.5714153
3496,112.5378167
3497,94.34084462
3499,95.5019848
3500,79.56776979
3501,95.18700594
3504,94.30315301
3508,105.8781531
3511,94.31239534
3512,113.0875299
3515,94.23574321
3517,94.47994658
3518,104.0877755
3526,112.5652054
3528,117.1802295
3529,94.06427444
3530,112.2023361
3531,94.23841393
3532,112.7345752
3533,94.33301323
3534,94.50657268
3535,79.35039914
3536,94.28693183
3537,112.5464143
3538,93.74441894
3539,111.8897909
3540,105.0194094
3545,112.5705613
3546,93.24849682
3550,104.4378012
3551,94.4662565
3553,94.88850184
3554,104.0842516
3557,93.95414464
3558,112.5464482
3559,93.56667578
3561,94.1131349
3562,112.1911594
3563,95.12744375
3564,104.4361923
3565,94.53985178
3567,94.18734102
3571,104.4361923
3572,94.47819078
3574,95.25083524
3576,94.18763904
3577,112.5428815
3578,95.18700594
3579,94.2481707
3583,94.18228574
3585,94.87467951
3586,104.0544788
3587,112.5883507
3593,94.69140708
3594,112.8643032
3595,95.07738564
3599,94.38690565
3600,104.3349621
3601,112.206819
3602,93.56667578
3604,94.95551981
3609,116.7057377
3610,112.4090388
3612,111.9681793
3614,112.5764912
3615,94.35358657
3617,95.57638177
3618,112.4740347
3619,112.4374126
3620,112.5899472
3621,94.30859054
3625,94.25630407
3626,102.7777121
3630,103.6987454
3631,94.45357887
3632,104.7387922
3633,94.93540331
3634,112.5324641
3637,94.34232291
3639,94.33504592
3640,112.5225973
3641,94.30228911
3644,112.7457359
3645,94.219358
3646,94.04678497
3647,93.46270788
3648,112.0966705
3653,112.5883507
3654,94.22662015
3655,112.5759969
3659,103.2534626
3660,94.46595334
3662,112.6619853
3666,94.29249371
3668,94.38727087
3671,94.36473205
3673,94.2914587
3674,112.6390976
3675,94.14785634
3681,93.49045483
3682,112.6318836
3686,111.6938383
3687,93.61884828
3692,80.1643806
3695,112.5759969
3696,94.1867076
3699,112.2180639
3705,114.3057424
3707,78.9791617
3708,95.30089236
3709,112.7290302
3710,94.3731419
3712,94.42181138
3715,112.5883507
3716,94.2481707
3720,112.8317185
3722,78.9791617
3726,95.53554388
3728,94.28965405
3729,112.5471391
3731,103.9062035
3735,112.2866143
3736,94.50911088
3739,102.3805786
3741,112.5428815
3743,104.3783123
3744,95.38201908
3745,112.6023349
3746,94.54375435
3751,94.13645031
3753,94.43519513
3760,112.5378167
3761,94.04733856
3762,112.4307886
3763,94.38958091
3765,94.22044084
3768,112.7252254
3769,94.40849282
3770,103.5649489
3773,112.2303026
3774,95.90528391
3776,94.84511464
3778,94.0878687
3779,112.6583846
3780,93.79398489
3781,112.6554117
3782,94.3629992
3783,112.245783
3784,94.19241525
3786,95.57417015
3789,112.2236752
3790,94.38171033
3793,112.4349022
3795,112.5883507
3797,94.0427346
3798,117.1324419
3800,112.1028206
3804,96.38621602
3810,95.15802302
3815,112.6077366
3816,96.38621602
3818,103.8147575
3824,112.2276596
3828,104.8205836
3830,112.5464143
3831,94.93906957
3832,78.96832781
3834,112.558802
3835,93.30729648
3836,112.421634
3838,95.63288013
3839,117.855598
3840,112.5759969
3845,94.48454634
3846,112.4924275
3847,94.47994658
3849,79.48960008
3853,112.2395563
3855,105.8781531
3856,94.54606725
3864,79.87109905
3865,94.60372228
3866,112.5187684
3867,93.84489058
3868,112.1028206
3869,94.61053553
3871,94.20193131
3875,104.1903974
3876,94.23539547
3878,93.97139626
3879,112.6956767
3881,112.1028206
3883,112.54094
3884,93.95243522
3886,112.2437329
3890,95.32700721
3893,113.5259479
3897,104.2538787
3901,94.22564832
3902,111.6938383
3913,112.6448733
3914,93.49550885
3916,94.01618971
3917,112.5926478
3924,105.5890504
3925,94.44057078
3928,95.12800816
3929,112.6235888
3932,94.54069388
3933,103.7708983
3934,79.10452128
3935,93.55041944
3936,94.64774604
3937,112.4964506
3938,94.23574321
3939,112.4256571
3943,93.62983202
3944,112.2521533
3945,112.5886974
3946,93.9620589
3947,112.5554445
3948,94.29911213
3949,112.1576644
3950,94.62782948
3951,112.3745584
3952,94.15630648
3953,112.7614926
3961,114.0978074
3962,94.3428579
3966,94.45091652
3967,103.9730329
3968,95.16386871
3969,112.5802941
3970,95.82479618
3971,105.3570302
3973,94.45828421
3974,112.1757878
3975,112.5569577
3977,93.55153265
3979,112.140318
3985,94.54544906
3986,103.4142347
3988,112.3708887
3991,94.04041643
3992,103.6948383
3993,94.12324904
3994,94.20767548
3995,112.6002828
4005,112.5420677
4007,94.22913201
4008,103.8908591
4009,95.04921791
4010,112.9587077
4011,79.92781494
4012,93.93513657
4013,105.6763254
4015,112.3873224
4016,112.5642053
4018,112.108984
4025,94.57023792
4026,112.5879661
4028,112.6136205
4029,95.96855061
4031,93.99574455
4032,112.5389522
4033,94.38987006
4034,103.6443235
4037,93.61775684
4038,103.8840487
4039,94.62249103
4041,94.53454898
4042,111.7539988
4043,94.70121274
4044,103.7708983
4045,93.98246418
4046,112.2737669
4047,95.36119357
4048,104.9184129
4049,94.46729973
4051,94.20496196
4052,112.1601281
4058,103.7935477
4062,112.4523609
4064,112.0919586
4067,94.21215554
4068,79.73371192
4070,93.99780209
4072,116.6604836
4074,112.7463064
4075,94.46221098
4076,112.5189196
4077,94.19758561
4078,112.5683322
4080,103.7708983
4082,112.5851859
4085,94.56955245
4086,112.2313158
4088,112.5879661
4089,94.4290929
4092,79.72598119
4094,93.84502397
4095,112.5569577
4096,94.07422166
4097,104.2739419
4102,94.05789017
4105,112.8508691
4107,112.5449632
4111,94.26226259
4112,104.1728995
4113,95.39050164
4114,112.0358444
4115,93.99468096
4116,112.6096385
4117,94.41176776
4118,94.61205711
4119,112.5437087
4120,94.54197921
4122,80.35373682
4125,93.0704522
4126,112.6004906
4129,112.6128444
4134,112.057778
4137,94.34600092
4141,102.8661005
4142,95.64514054
4144,95.6740548
4145,105.5890504
4146,95.71659102
4150,94.25686365
4151,78.63711596
4154,94.21215554
4156,94.46874428
4157,112.5606725
4159,112.5642053
4160,94.43282269
4161,112.6624077
4168,95.21135442
4171,103.0807293
4172,105.1279554
4173,95.99241964
4175,93.77188416
4176,103.7708983
4177,95.6740548
4178,102.9010744
4179,94.32050504
4181,112.7452486
4183,95.96855061
4184,112.5726277
4185,92.95997705
4186,112.6477358
4188,114.7826411
4190,112.2043008
4192,94.24392471
4193,112.9975133
4194,112.2702767
4195,94.28451333
4196,79.54911232
4202,95.93511399
4203,103.6499394
4208,95.70388406
4209,112.0904668
4210,94.02940014
4211,111.8978248
4212,117.2130662
4214,104.0068496
4215,94.91513784
4216,112.575339
4217,94.1699172
4219,95.47413769
4222,112.4964506
4224,79.87402062
4231,104.0254681
4232,95.96855061
4234,93.98151792
4236,95.6740548
4237,103.7245549
4240,94.67596216
4242,104.456691
4243,95.9346031
4247,92.994756
4248,112.6048325
4249,93.95823406
4254,103.2620294
4263,94.48991328
4265,112.5292779
4267,112.9244463
4268,112.570908
4271,112.6189737
4272,94.44039823
4273,112.5327233
4274,93.73414235
4276,94.34993366
4278,94.68818794
4280,95.06154318
4281,112.5085763
4283,94.15818844
4284,112.4917151
4285,94.92847321
4286,112.6297515
4287,93.7775163
4288,112.5857788
4289,93.9533831
4290,79.57674261
4293,94.17370859
4296,112.8877957
4297,93.32074279
4299,93.46597933
4303,114.7191909
4310,95.28837401
4312,104.2747326
4318,103.7661577
4320,112.1280237
4322,94.12864953
4323,114.192702
4325,104.0162681
4326,112.6128444
4328,104.3917061
4330,103.5864051
4332,111.9708299
4333,94.21686608
4335,94.47259129
4336,112.7347922
4338,105.0884549
4341,94.15542399
4342,104.1098251
4344,103.8351505
4347,94.45088042
4348,103.7435083
4351,112.4108896
4352,94.48323257
4353,112.1710351
4355,103.3081281
4356,94.56955245
4359,103.3775829
4360,94.62370462
4361,94.26287938
4364,94.51862662
4365,103.5928117
4368,95.60235511
4372,94.97177109
4374,93.48700033
4376,94.9330208
4377,104.1559395
4380,95.55372774
4383,105.0676733
4384,94.68818794
4385,103.4710892
4389,93.9570722
4391,94.38026829
4392,112.2682265
4393,93.36620893
4395,93.75086384
4396,112.2364936
4398,112.1562382
4399,94.33453769
4401,93.52990476
4406,94.3930267
4408,103.6763695
4412,103.7435083
4415,94.40235439
4418,112.7090607
4419,93.48700033
4420,79.83611611
4422,112.2521533
4423,93.48700033
4425,94.49248854
4428,112.6413809
4431,112.6349914
4434,93.38539171
4436,94.50271213
4437,111.9907459
4439,117.5121102
4440,94.21607774
4441,112.5811047
4444,94.95604952
4445,104.0079926
4446,94.42401003
4447,112.7198226
4452,104.1840129
4456,112.6189737
4457,94.56955245
4458,112.5504895
4460,94.56955245
4461,117.5088297
4462,94.72881931
4465,101.1735405
4466,103.6580219
4468,95.65543128
4469,104.4072263
4472,112.7256146
4475,94.457115
4478,94.31135187
4479,112.5569577
4480,94.50949947
4483,79.76069834
4484,93.80256086
4485,103.7850693
4486,95.80079773
4488,94.2429988
4489,103.0619492
4490,95.19800249
4491,102.9028136
4492,94.7033798
4493,112.5421376
4494,94.39538224
4495,102.3069255
4498,78.97305875
4499,95.91834544
4500,102.6767945
4503,112.6113312
4505,101.2984951
4506,94.53648206
4507,94.56506322
4508,103.7661577
4510,112.6563772
4511,93.20447246
4513,95.82130722
4516,79.8945987
4519,93.93617769
4521,94.62816142
4531,93.67448681
4532,79.54416026
4533,94.34151584
4534,112.5302388
4536,103.7661577
4537,94.56955245
4539,94.40901385
4542,101.2872231
4545,94.02078877
4549,93.79897014
4551,94.29011043
4554,103.5789344
4556,111.7389522
4559,112.5972264
4561,112.5676438
4562,112.4875676
4566,113.2750742
4569,93.9676326
4570,112.2364936
4573,94.59756877
4574,101.339738
4575,94.33151421
4577,94.52969153
4578,112.4964506
4580,112.7082632
4582,93.50559719
4583,112.2521533
4585,95.40410436
4587,103.7661577
4595,94.18996275
4596,112.6546801
4601,94.35715862
4602,112.5699105
4603,95.39550704
4605,112.5977278
4606,93.81200233
4607,112.6299446
4608,94.41112514
4610,95.16621083
4613,104.162971
4617,94.07646038
4618,112.4964506
4619,94.18271604
4620,94.64112491
4622,94.29668689
4625,94.56955245
4626,103.7661577
4627,95.39964948
4629,93.81272947
4631,93.46792499
4633,103.7661577
4634,117.0448138
4635,94.18387821
4639,94.31035409
4640,105.0339541
4642,103.4384821
4644,112.7338128
4646,103.7661577
4647,95.26727018
4648,79.33360063
4649,94.04514073
4650,112.6746513
4655,93.79897014
4660,94.32311165
4661,112.7499284
4662,93.20587175
4663,112.5092145
4665,94.24194935
4666,112.4981821
4667,103.4505019
4668,95.55549008
4670,94.45146166
4671,112.7547193
4672,94.44204943
4673,103.5280782
4675,103.3805433
4676,95.17125681
4677,112.7951506
4680,94.53886194
4682,94.59756877
4683,112.1447368
4685,103.7435083
4686,94.57360199
4688,112.2761086
4690,112.6833172
4692,112.6189737
4693,93.98230232
4697,94.03196718
4700,112.5713885
4702,112.5713885
4707,117.7755208
4708,94.58818133
4710,79.34912772
4716,105.5628924
4717,95.01013168
4718,94.59580177
4720,95.60236215
4721,80.3547475
4723,94.52594505
4726,112.5886974
4727,93.70209355
4729,94.37863633
4731,94.61274043
4732,111.8245019
4735,94.57342603
4736,103.5134906
4737,95.59221905
4738,112.4307984
4739,112.4964506
4744,103.1029625
4747,94.45919982
4749,112.7821876
4750,94.58818133
4752,112.2579852
4755,95.51386619
4756,103.8132639
4757,112.5851645
4758,95.19446494
4759,102.5172072
4763,95.01013168
4764,103.2764256
4765,94.94782805
4766,94.00314517
4767,112.2162838
4769,112.4613393
4770,94.83731907
4771,78.21347659
4772,103.6836947
4774,112.2761086
4776,112.4373643
4777,112.5292779
4778,94.67900342
4780,94.38419469
4784,94.13096983
4786,96.23980029
4787,79.21093603
4788,95.17836781
4789,112.2579852
4791,103.4580175
4792,94.48016008
4795,112.181854
4796,94.33703238
4803,93.74399783
4805,97.05340489
4807,94.59638922
4809,94.46296846
4816,94.48697802
4817,79.44413159
4818,93.31696563
4820,95.02059938
4821,103.0525135
4823,112.6563772
4824,94.58746146
4825,111.941913
4829,101.3677302
4830,96.58241555
4831,113.5552559
4833,103.9819132
4836,93.71532883
4837,112.2761086
4838,93.8029952
4840,94.35395883
4841,78.83968014
4842,93.10211059
4843,112.6390684
4844,94.49338209
4849,112.4108896
4851,104.3810057
4852,94.59041629
4858,93.61794651
4860,96.58241555
4863,112.0145613
4864,94.6248134
4865,112.5673752
4867,112.7528555
4868,94.11854893
4869,112.5655063
4873,93.74276724
4875,95.90322425
4876,112.6624077
4877,94.41209864
4878,112.4126297
4880,79.22344056
4886,112.3511593
4888,103.4661609
4889,96.40634893
4890,112.6004906
4893,94.58007181
4895,94.28910243
4896,103.7314904
4899,94.17506464
4901,94.38151542
4902,112.6033922
4903,94.32272738
4904,112.2579852
4910,94.38941538
4912,94.30282661
4915,96.08055889
4916,103.9616112
4917,94.62732489
4920,103.6836947
4927,103.3427212
4928,93.81345862
4931,103.3597867
4934,94.55191237
4936,94.90200804
4939,114.7406384
4942,112.7125649
4943,96.7586062
4944,103.435151
4945,94.55845182
4947,112.4126297
4948,94.05120997
4951,94.59638922
4952,112.2579852
4953,94.09407572
4956,94.32272738
4957,112.5813734
4958,94.31664186
4960,94.74822897
4968,95.11103458
4969,103.2844616
4971,104.4803993
4973,112.254617
4975,112.7702296
4976,93.98939616
4978,94.7268562
4979,112.1341734
4982,94.24546795
4983,112.4071319
4984,94.43497537
4985,117.7283502
4986,93.52602136
4987,114.1161827
4988,95.13133637
4994,94.64889441
4995,95.94763836
5002,79.69015036
5004,94.46261993
5005,101.8440313
5006,95.85225875
5007,102.1063785
5009,112.5493488
5011,112.254617
5014,94.56456765
5015,104.0900508
5018,94.61892669
5019,112.181854
5020,94.41428467
5021,112.5713885
5022,94.64481634
5023,94.4155694
5025,96.88346587
5032,94.52507177
5034,94.30282661
5036,94.77577046
5038,94.3827221
5039,112.5245933
5046,95.57448102
5049,112.181854
5051,95.51446742
5052,94.12330068
5053,112.2761086
5054,96.56673541
5055,95.44913899
5057,94.58818133
5059,94.61768674
5062,96.3607277
5063,112.5569577
5065,113.5898121
5069,94.44349819
5071,96.31846658
5074,112.6509946
5075,93.90464366
5076,113.681255
5077,79.17011509
5079,104.2559166
5080,95.50459723
5081,112.254617
5083,103.9767997
5088,103.6115701
5089,94.65997569
5093,111.8841519
5094,103.776596
5095,94.60692401
5099,112.687041
5101,112.6128444
5103,102.7338009
5104,94.58695508
5105,112.5659868
5107,94.14460752
5108,112.1307584
5109,94.37974891
5111,94.61149472
5112,112.4964506
5113,94.3300065
5114,112.6141816
5115,94.486023
5118,94.57859333
5122,96.12457912
5123,79.57743876
5125,94.5755652
5127,103.0294536
5128,94.31929884
5129,116.3452915
5132,95.8244502
5134,112.6693669
5135,94.60540673
5137,112.5728108
5142,93.81867355
5143,104.4024055
5144,94.35070691
5148,94.440677
5149,94.48917759
5150,105.6203783
5154,79.61764023
5155,94.54187214
5159,94.68886797
5164,94.48427225
5165,112.7078803
5166,93.88684107
5167,112.5800948
5169,94.23776402
5171,93.42054602
5172,112.6128444
5176,94.43389908
5184,112.6692097
5185,94.40398639
5186,112.6150547
5188,105.3256672
5189,112.6076394
5190,94.29127607
5191,112.7078803
5193,112.6128444
5196,95.32720322
5199,79.58581384
5200,103.0807293
5203,94.23354121
5204,111.7183319
5205,94.23921856
5207,94.41117683
5208,103.6134391
5212,94.60134968
5214,94.37458152
5218,93.92036997
5220,94.21231499
5222,93.86335696
5224,95.55145287
5225,103.7428359
5227,112.2839789
5229,103.6008141
5232,93.4160043
5233,117.0944836
5234,103.8005295
5237,112.2364936
5239,112.9538646
5240,93.69493622
5241,112.2134402
5244,94.47462627
5248,112.7062694
5251,93.66277621
5253,94.59719884
5255,94.56006105
5256,102.1724681
5257,94.6254371
5259,95.18790588
5260,112.2609009
5266,94.36329012
5268,94.24189974
5275,112.254617
5276,112.5811047
5277,95.07909684
5279,94.48000607
5280,103.6216453
5281,94.99507413
5283,95.44880733
5284,78.83430882
5285,95.79612852
5286,104.3506572
5287,94.29651244
5289,93.65114037
5290,112.6128444
5292,104.7058154
5293,95.14027323
5294,103.1738533
5297,94.28352873
5299,103.9083093
5302,94.7379073
5305,79.08382926
5306,94.5079691
5308,93.81452475
5309,94.58681314
5310,113.432257
5312,112.5851645
5316,112.6004906
5317,95.71271721
5319,79.526988
5320,96.55022012
5323,94.47732485
5329,112.7614926
5331,112.4126297
5334,112.2464528
5336,112.6128444
5338,103.4882328
5341,94.35546712
5345,95.26752876
5348,94.21968273
5349,112.5871842
5355,104.0267259
5356,94.42822122
5360,104.3824657
5362,112.4508343
5364,112.6189737
5366,104.0296568
5367,94.46149221
5368,94.49382802
5370,94.53817944
5371,79.63195167
5373,103.8943107
5375,112.2364936
5376,94.23354121
5378,112.5642053
5379,94.50015743
5383,94.44995898
5384,103.2311477
5389,112.5367612
5391,79.90777367
5393,111.9693367
5395,112.6004906
5397,112.5056654
5398,94.00564474
5399,112.3913688
5401,117.7031005
5402,93.86967035
5403,112.5166696
5404,94.06674944
5407,79.48746153
5408,94.53229564
5413,112.9015055
5414,94.39829176
5417,94.85958806
5418,104.7058154
5420,112.7228399
5421,93.73315709
5424,94.44377187
5425,111.7183319
5426,93.9145115
5429,112.6274549
5431,94.39157084
5437,101.375842
5440,92.94666086
5444,103.7015961
5446,104.1105786
5447,94.4534032
5451,94.63402121
5452,103.8881482
5455,103.8005295
5456,94.5443347
5458,94.28726061
5459,112.615436
5460,95.12901418
5462,95.54605644
5463,112.5552681
5464,94.38332416
5465,112.7082632
5466,96.01564465
5467,103.448977
5468,94.66643386
5469,112.5092145
5472,94.68128488
5474,94.44360871
5475,112.1997211
5476,95.82956513
5479,103.6904463
5480,112.1601281
5482,112.6904802
5485,93.51436979
5486,117.5496793
5488,80.33313183
5495,103.6008141
5496,94.39768685
5497,112.5418399
5499,112.5829479
5503,94.25417112
5504,94.15182627
5507,96.15801573
5509,94.29246222
5511,94.28440999
5512,112.5149339
5516,112.1005514
5517,96.67686291
5518,103.2622224
5521,94.56603649
5522,103.2843962
5527,96.20243652
5528,94.81410777
5529,112.039647
5532,93.75118043
5533,112.746572
5535,104.2857344
5536,104.6130692
5540,94.40308298
5547,94.84915691
5548,112.0698374
5550,78.20496614
5551,93.79196944
5554,112.272152
5555,94.29474334
5559,111.8249019
5560,93.63028563
5561,112.420453
5562,93.62000459
5563,112.6472173
5565,79.05674071
5566,94.45226663
5567,103.2555523
5568,95.9131339
5572,95.75005314
5574,94.58705736
5576,94.61818923
5579,112.4777283
5580,77.99176899
5581,95.7669815
5583,94.7983401
5584,112.4668686
5586,112.5441494
5587,94.23116507
5589,100.909871
5591,101.0500952
5592,94.02084885
5593,112.3260718
5594,95.61940124
5595,78.04261877
5596,112.2346553
5597,112.6815047
5598,116.4602949
5599,94.56387118
5602,112.496781
5603,95.61940124
5605,94.01319384
5607,94.00799425
5608,112.6148883
5609,93.4113335
5610,94.12184969
5612,93.82512466
5613,112.4326436
5614,94.25088731
5616,94.53119238
5621,96.09650256
5623,94.71515821
5628,113.2773741
5629,94.72696046
5631,94.21398624
5633,94.88597026
5638,103.1494762
5639,94.8446406
5640,105.4135813
5645,94.7257785
5646,78.34003301
5649,93.75374649
5653,112.4495038
5655,112.5243737
5656,94.5672738
5658,94.65824279
5662,117.2217321
5663,93.33995366
5667,94.82137947
5670,94.56387118
5671,100.9100707
5672,94.71686637
5673,102.6026761
5674,94.6508332
5675,100.7864064
5676,95.85767811
5679,112.1401664
5683,112.5093528
5687,95.52353627
5688,78.29307771
5690,93.90094268
5691,112.5391555
5692,94.06942015
5693,112.3701751
5694,94.95670553
5697,112.4979248
5698,93.73079428
5699,112.1401664
5704,94.80840179
5707,112.1401664
5709,103.2029236
5710,94.50649355
5714,94.4327685
5718,94.58332518
5721,94.72383497
5723,94.24473724
5724,113.5150226
5725,94.59360069
5726,112.0717456
5729,96.74334791
5730,103.2673274
5731,94.67458381
5733,79.28526687
5736,93.89740664
5741,102.0903509
5745,112.0698374
5747,94.45851394
5748,103.156821
5750,112.3624073
5751,94.65720462
5752,94.76821778
5754,93.79196944
5755,94.66387747
5757,93.89104826
5758,118.0258674
5760,102.2429172
5762,101.0069972
5766,111.8835918
5768,96.7099113
5769,116.9093699
5770,94.86521442
5771,112.5585262
5772,94.02492176
5773,112.7200019
5774,94.08206565
5776,93.70766822
5777,112.1401664
5778,94.14681707
5780,112.4211008
5782,93.82441183
5783,79.19448503
5784,96.5808451
5786,94.74187394
5788,95.33479457
5789,112.0371905
5790,94.61385749
5791,103.0599477
5793,104.4774018
5794,94.80878367
5796,117.5707158
5797,94.46299512
5801,93.74489442
5803,95.52353627
5804,112.4555061
5805,93.98491866
5806,78.38586816
5808,112.0531158
5813,94.82217255
5815,95.58119626
5816,103.1120747
5822,94.69669711
5823,112.1186749
5825,103.3443771
5827,112.498909
5829,100.9100707
5830,94.70537378
5831,112.5800737
5832,94.25906881
5833,112.0531158
5837,113.2954975
5838,94.19079019
5839,94.69042326
5842,105.4135813
5844,112.4873287
5845,103.1518215
5846,112.5723619
5848,78.01941133
5850,112.5779035
5851,93.69457448
5853,96.7099113
5854,103.3759842
5858,105.4135813
5860,112.4154787
5864,102.9545946
5866,95.99569645
5867,112.1401664
5868,93.07038968
5869,112.5744086
5870,94.23769746
5871,112.3975324
5874,112.5791421
5876,112.5265888
5877,93.26047263
5878,94.11315071
5879,112.0531158
5880,93.87029504
5884,93.75835578
5886,111.6529877
5890,102.7099231
5896,94.46605734
5897,102.8850508
5898,96.7099113
5901,104.6449485
5903,112.2346553
5906,94.12184969
5908,112.1186749
5909,94.21001855
5910,112.4326436
5911,94.74719494
5912,112.5167153
5914,112.5791421
5919,112.2131638
5924,94.47150786
5926,94.60280388
5929,103.0102845
5930,94.74115012
5932,97.05183444
5933,112.517441
5934,94.50063269
5935,112.1483441
5936,94.06903639
5937,113.5521573
5938,94.5886124
5939,112.7020782
5942,112.6107725
5943,94.52965111
5944,104.4551642
5946,112.122043
5951,93.9353523
5953,102.74105
5954,94.60503419
5957,103.0830776
5961,94.3160844
5962,105.8738913
5964,78.25388523
5965,95.5965893
5968,112.1278247
5969,94.24236227
5974,94.24007339
5975,112.16821
5978,78.23112884
5981,102.9861989
5982,94.57789843
5983,112.16007
5989,112.2480424
5991,94.43028506
5992,102.2471201
5995,94.65111415
5996,102.6557717
5997,112.1442999
5998,94.40438959
5999,77.8618806
6001,112.0604292
6002,94.44632711
6003,111.6776041
6004,94.60503419
6006,112.2134385
6007,94.58454688
6011,104.321664
6012,103.8454538
6014,94.56840756
6015,103.1687916
6016,95.0698202
6017,112.1738056
6018,96.64073651
6024,95.51339671
6025,103.6413174
6026,113.4287534
6028,112.0619986
6029,78.00308831
6030,94.68384253
6036,112.1278247
6040,93.82514313
6041,112.3566384
6042,94.39304122
6044,94.6523678
6045,102.8807785
6047,102.7523157
6048,94.4590035
6049,111.68789
6051,116.1823045
6052,112.0495415
6053,93.19558376
6054,112.2345413
6058,103.833771
6059,94.23637245
6062,96.76559618
6063,117.4540897
6064,103.0797901
6065,93.82514313
6067,94.3956309
6068,112.4243183
6070,102.5830557
6071,105.494065
6072,111.2592241
6080,111.2592241
6081,94.37558547
6084,105.9461935
6087,94.62295682
6089,103.5190941
6092,111.2592241
6094,93.89323536
6095,112.1199082
6097,113.9633747
6100,94.49485087
6104,104.2282825
6105,93.86119685
6106,111.5521722
6107,77.99729958
6108,94.07435802
6109,111.2592241
6110,94.14726099
6114,111.2592241
6116,94.68423373
6117,102.3151628
6118,94.57163009
6123,79.29863919
6125,112.1199082
6128,113.1456408
6130,103.0375315
6132,111.8482059
6137,79.61754022
6139,112.260912
6140,94.12896331
6141,113.1052664
6142,103.2761225
6144,112.0147732
6145,95.475638
6146,93.79172089
6149,93.37137962
6156,95.43218876
6159,113.6013182
6160,94.12896331
6162,103.2086106
6164,111.922203
6165,93.92276927
6168,79.61754022
6169,111.7523756
6170,94.2612034
6171,112.1542121
6172,93.04338059
6173,116.0348556
6176,96.67417312
6177,93.0069941
6178,94.45120369
6180,94.318572
6181,102.9071879
6182,94.35831921
6185,93.63854062
6186,112.3412236
6188,112.4892642
6189,93.88450639
6192,105.9461935
6193,94.35085345
6194,102.8807785
6195,94.54523645
6196,116.3124379
6197,93.70261984
6201,112.3166579
6202,94.09354571
6203,112.2708463
6204,93.80070858
6207,117.0329958
6209,94.13892098
6210,94.04534615
6211,113.3643901
6213,112.3229961
6216,93.08285782
6217,94.19269258
6219,93.76081613
6222,78.1291781
6223,94.52651259
6235,96.43395978
6240,94.29919724
6242,95.07025462
6247,94.44827112
6251,112.2467983
6254,112.0619986
6255,95.62866709
6260,102.9855617
6261,94.52842973
6262,104.0879105
6264,112.2933411
6269,104.0089665
6271,104.1723022
6275,112.1166741
6276,94.53882582
6278,94.41679524
6279,111.7442238
6281,112.1101728
6284,93.78365507
6286,94.28750582
6287,79.01466515
6288,94.48926504
6292,94.37493673
6293,93.7298325
6295,94.21618099
6298,112.1586701
6300,112.0604292
6304,103.2249576
6308,112.1586701
6310,94.90780602
6312,111.2592241
6320,94.59126343
6324,93.4295407
6325,112.183019
6330,95.98384846
6336,112.1008845
6340,103.8868525
6341,96.43395978
6342,103.7506801
6344,94.28347496
6345,112.4826528
6347,111.7690972
6348,94.32919299
6349,112.1586701
6351,78.30545279
6353,112.3532505
6354,93.68273719
6357,95.60285589
6358,103.5024289
6360,102.7489516
6363,113.2414972
6364,93.2846505
6368,112.0047004
6370,94.28032802
6371,93.84307794
6377,94.66133593
6379,93.54092602
6381,93.19004778
6382,78.14195665
6383,111.0127184
6388,111.6789742
6390,111.3355914
6392,100.8815001
6393,93.49208078
6395,93.91526207
6398,101.4306421
6401,78.20757834
6402,93.64720724
6403,110.8180804
6405,94.40212034
6406,92.68010936
6407,111.9763817
6409,103.1464574
6411,93.97003677
6413,93.7462928
6416,104.8168981
6417,93.85794445
6418,93.02825251
6419,117.2154326
6420,110.4616085
6426,111.6745424
6429,93.35559121
6430,93.61646276
6431,110.8180804
6432,93.15895169
6434,93.40553927
6437,110.6080286
6438,93.82452098
6439,102.4818389
6440,93.59683866
6441,93.67005422
6442,109.629349
6443,93.59913077
6445,93.72850894
6448,111.9179191
6450,110.6548315
6453,94.26591327
6455,94.16918765
6457,93.65671599
6458,111.0500456
6461,93.90176383
6464,111.8585986
6467,93.39576159
6469,94.53197708
6470,79.32072082
6471,93.79214958
6473,102.3862256
6474,93.77144882
6479,93.92839976
6481,93.5521194
6484,111.365577
6495,93.94051055
6496,110.8117613
6505,110.4829314
6506,93.977552
6508,95.02657221
6509,93.72475906
6510,103.2749203
6512,102.8843427
6513,93.56891369
6514,111.3203673
6515,93.32375402
6519,94.2994049
6521,93.24309894
6523,78.14480417
6525,105.2698608
6526,93.29824469
6528,94.28418395
6529,110.4700811
6531,104.46174
6533,105.7742701
6534,93.81316647
6535,111.9582583
6536,93.86680576
6537,112.391972
6540,93.321313
6541,111.0127184
6547,93.65597338
6548,110.6021218
6551,111.282918
6553,110.0447244
6555,106.0136998
6556,94.61909592
6561,79.11028503
6564,94.22554639
6565,111.9582583
6568,93.74609557
6569,109.629349
6573,102.7153014
6574,93.90390341
6577,111.5189207
6579,113.0123771
6581,93.53432041
6582,110.8446941
6585,104.0989906
6586,94.16205062
6589,102.280365
6590,77.85728977
6593,93.63757231
6594,110.7923316
6595,93.09307693
6599,93.34142168
6600,93.47498408
6601,112.5108262
6602,92.71384635
6603,111.9179191
6604,93.19417096
6607,102.5479133
6608,103.8902737
6609,94.15568303
6611,93.3920395
6613,109.629349
6614,93.80541355
6616,92.781918
6617,109.629349
6618,93.58679731
6619,102.9731153
6621,106.0136998
6627,103.2238166
6629,111.6504466
6631,77.86351171
6634,93.86564921
6636,93.68228843
6638,93.74609557
6639,109.629349
6641,111.9179191
6642,93.96642669
6651,115.7613641
6654,79.11109041
6657,93.44762247
6663,93.20615874
6665,109.6373303
6666,93.91906306
6668,93.58679731
6669,105.7670173
6670,93.50430998
6671,94.53218256
6673,93.70613054
6675,93.93179641
6676,78.14215668
6677,93.75682504
6679,93.87859382
6680,111.3726807
6681,103.2749203
6685,102.9571506
6688,93.91396616
6689,93.06644099
6690,111.2801052
6692,109.629349
6693,93.95035038
6694,93.89098843
6698,117.1639156
6699,93.0185839
6700,112.1782006
6701,93.65671599
6702,111.9564118
6704,93.06644099
6707,109.9077425
6712,111.9158134
6713,94.05398234
6715,93.92128972
6721,110.1280273
6722,92.95621053
6723,112.2503009
6724,93.71138843
6725,117.2041652
6731,112.3071539
6735,82.68953128
6736,93.91756819
6737,105.3427815
6738,93.94379702
6739,102.7047952
6741,103.9653326
6743,94.00202151
6745,93.58679731
6747,110.6252828
6749,92.96904584
6750,102.5681391
6751,116.6106898
6752,93.25906589
6753,109.629349
6755,116.8767103
6756,93.37495205
6757,102.8842137
6759,111.3205718
6761,93.0758721
6763,93.79214958
6764,116.6322977
6765,93.47763489
6766,111.6218207
6768,111.3410652
6771,93.06644099
6773,93.96688966
6774,93.53688709
6778,102.572108
6779,94.32599553
6781,93.3343344
6784,93.39784561
6786,94.13762372
6787,110.9296863
6790,93.9603848
6793,103.2857455
6795,109.629349
6798,111.7715828
6806,103.3048309
6807,94.13230419
6810,94.00004475
6815,110.9420447
6816,94.04275195
6817,102.0648241
6818,94.3536088
6819,102.713064
6820,93.95759988
6822,93.82194546
6823,116.0923547
6824,110.9284548
6825,94.24758675
6828,77.90413469
6829,110.3737523
6831,110.6370366
6832,92.94927896
6833,111.4166087
6834,93.75606201
6836,95.2211049
6837,111.9158134
6838,93.4387358
6840,102.4470118
6843,93.41480857
6845,92.93531946
6846,93.24104973
6847,110.995979
6851,111.7439445
6852,93.75406787
6853,111.2133504
6858,94.10101436
6861,111.9399782
6863,112.5108262
6864,78.99338233
6865,94.13434523
6866,111.89769
6867,95.00123436
6868,102.8695411
6869,94.00683756
6870,110.9284548
6874,110.6058109
6875,93.84594363
6877,111.3410652
6878,93.71704535
6880,94.35795819
6883,110.5978258
6884,95.00756441
6886,94.1093034
6890,94.64855985
6893,110.961112
6894,94.04289138
6899,111.3410652
6900,94.18419564
6904,93.00937411
6905,110.6352799
6906,93.46191604
6910,94.08137848
6912,103.1456307
6913,112.4250409
6920,93.73276137
6922,94.22956141
6923,109.629349
6926,94.16701259
6927,111.0743394
6928,93.72593104
6931,112.3305831
6933,93.65422223
6936,93.31820705
6937,111.9158134
6939,111.4138994
6941,94.25921795
6942,112.3626849
6943,93.78881995
6944,101.6680492
6945,94.11593341
6946,110.9104262
6947,117.2804797
6949,103.0160933
6951,102.5729312
6953,111.8189864
6954,94.13588632
6955,111.4312995
6963,111.0690712
6964,94.06130763
6966,94.02471294
6968,93.05383655
6970,102.8679362
6972,111.695486
6976,111.9070856
6978,111.89769
6981,103.3504646
6985,102.5171792
6986,92.90045414
6987,110.4902899
6989,110.3891782
6991,116.0923547
6993,112.3651689
6994,94.31433994
6995,111.3410652
6996,93.77939367
6997,110.595255
6998,78.05651482
7001,111.0829112
7003,112.5829735
7006,94.33505598
7008,105.3366996
7010,92.91057973
7011,94.26209453
7012,111.4011216
7013,93.00806834
7014,111.3082754
7017,103.1733455
7018,93.98315723
7019,92.93531946
7023,94.12678667
7024,102.4106296
7025,93.02441665
7026,111.8514686
7027,93.39990802
7028,112.8416203
7030,109.629349
7031,93.70321075
7033,111.3729057
7036,94.07254342
7037,94.30180972
7039,93.90735747
7044,93.39239766
7045,111.9158134
7046,94.23953365
7049,103.9310909
7050,94.99578365
7051,102.8679362
7054,110.732876
7055,94.46432503
7057,94.05464562
7060,111.3410652
7061,95.60532604
7063,93.22601771
7064,110.9741553
7067,94.35795819
7071,93.97418064
7074,102.2368611
7075,93.96045739
7078,111.9158134
7079,93.20715141
7080,111.1287897
7081,94.61258066
7082,111.974276
7083,94.03340755
7085,111.7724555
7092,102.713064
7094,94.07310281
7100,93.88574078
7101,110.9095296
7102,111.89769
7104,110.6804458
7105,95.60532604
7106,94.01413765
7107,102.8582629
7108,77.84862209
7109,93.6720413
7110,111.9158134
7112,94.29165585
7113,103.1592965
7114,93.86746632
7116,111.9561526
7117,95.48839405
7118,103.2709051
7120,94.4888841
7121,102.7885548
7123,102.5187673
7124,94.80378499
7127,111.3901174
7131,102.7938863
7132,94.3536088
7133,93.01692268
7134,111.8729171
7135,93.3975164
7136,112.3388247
7137,93.13337715
7141,93.78429875
7144,103.0308337
7147,111.4032308
7148,93.32302292
7150,93.82199574
7151,94.4888841
7152,102.5226652
7154,93.19355099
7156,94.33724465
7157,104.0096358
7159,117.3070656
7161,94.80636796
7163,93.67552831
7164,102.4458504
7167,78.23154062
7169,102.9869944
7170,94.59761008
7173,93.52400337
7174,103.8417388
7177,111.9327936
7178,103.2780713
7179,93.76702184
7180,78.33149715
7181,110.7074578
7182,94.09067615
7184,93.95178353
7185,110.6080286
7186,93.11203005
7187,115.959249
7188,92.57804478
7189,111.828201
7191,102.2345317
7193,111.0829112
7197,93.88611428
7199,93.4868299
7200,111.974276
7201,93.3975164
7204,93.88759644
7207,110.7034525
7209,112.5108262
7210,93.95496854
7211,104.2404752
7213,93.59301036
7214,110.595255
7216,110.595255
7217,94.01656177
7220,111.3538388
7224,109.629349
7225,94.05407231
7226,110.595255
7227,93.74081207
7234,110.6080286
7236,82.45613666
7239,104.359384
7240,93.64784743
7242,113.508371
7244,109.9569078
7245,92.82638373
7247,110.0438799
7248,92.18542173
7249,117.2235004
7250,112.001793
7251,92.78110016
7252,111.698012
7253,78.90053997
7256,93.20753296
7260,93.08286807
7261,110.8911094
7264,92.91542127
7269,111.6298076
7270,91.94497389
7273,111.0037962
7279,92.38894445
7281,110.7312228
7284,92.47677388
7285,111.8624729
7286,117.2804797
7287,92.46821113
7289,92.54486373
7292,92.04422577
7293,111.663535
7296,92.88656858
7297,110.4450349
7298,92.07155218
7299,110.7488824
7301,102.2904879
7304,110.0897608
7306,116.9759477
7308,92.54486373
7309,100.9392396
7312,91.92011426
7313,78.90053997
7314,93.26908395
7316,92.45632575
7319,116.4704112
7321,93.23416193
7323,93.87951309
7324,102.5916677
7325,92.7736334
7328,102.0287121
7330,77.9749938
7334,92.7736334
7337,110.2337311
7338,93.00644599
7339,92.12142061
7341,92.83220257
7342,110.2337311
7344,110.3803014
7345,109.1372106
7347,110.5922171
7349,110.7312228
7350,93.02605837
7353,111.2684892
7355,110.8333653
7356,93.47784747
7357,111.567769
7358,93.71848433
7360,92.36778616
7363,104.5257871
7364,92.06993611
7366,92.84027679
7368,93.82898311
7369,110.4705592
7370,92.68777459
7373,93.27937111
7374,109.6747312
7375,92.80847966
7377,93.28994282
7379,92.42399722
7380,116.3309388
7382,109.9972194
7383,92.28508134
7385,93.02641109
7386,103.0439888
7391,93.08221117
7394,102.7389566
7396,112.001793
7397,92.72328696
7399,93.26330688
7400,102.9248902
7403,78.85307296
7405,111.1224413
7408,110.0497763
7414,112.1075312
7416,103.3177222
7417,91.95169346
7419,92.81903741
7420,103.8959737
7421,93.69038801
7422,92.1243466
7423,104.0144168
7425,77.81068788
7430,92.47536371
7432,93.42301391
7433,92.52051132
7434,109.9552741
7436,110.2770597
7437,92.55664933
7438,102.5943648
7440,103.8857806
7441,92.61058157
7442,110.2130389
7445,110.6194708
7446,102.1849202
7448,110.426703
7450,102.6736389
7451,92.50066374
7454,111.5971219
7455,92.33816678
7457,111.0065447
7459,102.0079038
7462,92.65405503
7464,92.50066374
7465,108.8832533
7466,93.17550234
7467,110.2806952
7469,111.5140086
7472,92.21860365
7473,109.0055786
7479,92.7736334
7480,103.3578911
7484,109.8872776
7491,93.46009242
7494,103.5246339
7495,93.0996758
7501,92.70390302
7503,91.92997429
7504,103.2227708
7505,91.96125503
7508,111.4250643
7509,93.4341455
7510,78.90053997
7511,111.5825504
7515,93.17466498
7516,103.6978393
7517,93.86397425
7518,103.9200797
7519,93.60727154
7521,92.98277046
7522,102.4274322
7524,103.5323601
7526,102.8846515
7527,92.45749806
7528,103.0985845
7529,93.9039881
7534,110.3945599
7537,110.9042342
7538,92.57378027
7540,92.90761874
7541,111.4637564
7545,110.9822512
7551,112.1825497
7553,94.06137853
7554,102.8863088
7555,93.50788151
7561,111.4393481
7562,94.08152327
7564,93.03016917
7565,104.4966199
7566,93.85169327
7567,111.1341155
7569,100.8108969
7570,93.71350034
7571,115.7613641
7572,92.84098793
7574,103.1051985
7578,111.3395527
7579,92.23959942
7586,92.64091954
7587,78.07800957
7590,92.70643342
7593,109.0055786
7594,92.76810321
7595,93.85169327
7600,92.14026394
7601,77.90883442
7602,92.79626484
7603,112.1778385
7604,92.29488829
7606,93.19003755
7608,112.1644263
7613,79.09213048
7615,110.0920327
7616,110.2329493
7617,116.4698309
7618,92.45749806
7619,102.9314105
7622,93.76933363
7623,102.581158
7624,93.24128376
7625,103.0031137
7626,94.12470317
7627,102.8153032
7628,77.89987695
7631,103.9773971
7632,102.9050011
7633,93.16705532
7634,116.9382764
7635,92.50872657
7636,110.2209575
7637,110.2209575
7639,92.30012193
7640,78.15115262
7644,111.7251823
7645,92.76477938
7648,103.0665816
7649,93.7195365
7650,110.8979876
7652,108.8832533
7653,92.64672127
7655,92.80503725
7659,111.1683925
7662,93.64223166
7664,93.25698428
7666,93.83858101
7668,92.66408103
7669,111.0082812
7670,92.14614637
7672,92.49866136
7673,110.2559482
7678,92.18967629
7679,79.36400311
7680,105.6267409
7683,93.36952091
7685,117.2804797
7688,92.58095263
7690,110.1718921
7692,93.606761
7693,93.04383604
7695,110.2337311
7696,92.8182352
7698,93.54415008
7699,109.8443158
7702,93.58213459
7703,110.2209575
7704,93.94692412
7707,111.5825504
7713,79.2238386
7715,103.5181932
7717,111.2561953
7718,92.06829323
7719,103.6471692
7721,111.3815642
7722,93.44190603
7725,102.2873139
7727,102.8839552
7730,79.52385583
7733,92.36993242
7735,102.3900143
7740,110.1687085
7741,109.9787426
7742,93.15095424
7744,109.8690063
7747,92.27343941
7750,77.88727862
7752,111.6941897
7754,111.1580343
7756,103.8628142
7757,92.74259234
7758,103.6888096
7760,105.5719607
7761,92.1519209
7763,109.4606936
7765,92.11743964
7767,110.1687085
7768,93.12106981
7771,92.23957473
7773,91.81194917
7774,110.3067159
7776,104.7463352
7779,91.51449881
7783,91.98687462
7786,103.1781649
7787,91.75824701
7789,91.86975219
7791,93.26788548
7793,91.76473261
7794,110.0781124
7795,92.22616069
7799,78.87355854
7800,110.034672
7802,93.19588425
7805,110.7198162
7807,100.814071
7808,91.82643497
7811,102.9961015
7817,110.1807003
7818,102.8502209
7819,91.84564384
7822,91.45808224
7823,110.8661296
7825,109.8550251
7828,92.81144385
7832,92.47855294
7833,78.19141863
7834,109.1024622
7835,92.34718555
7837,92.21730231
7840,92.33679962
7842,91.77023052
7843,110.6385
7844,92.34217575
7846,92.1519209
7850,91.71948507
7853,111.6668058
7855,112.0693603
7858,92.31434852
7863,111.3118999
7865,111.6367829
7866,92.41918804
7868,92.29080446
7869,112.1707118
7871,78.16782417
7872,101.7367092
7874,102.6461774
7877,112.0569973
7878,92.17715146
7879,111.0605428
7881,91.98741217
7883,93.07618214
7885,101.8543201
7886,93.38853602
7889,93.92934956
7890,103.5737695
7891,92.07254732
7893,91.3523699
7894,104.2342537
7896,110.8840091
7898,102.8347502
7901,92.35872753
7902,110.5782386
7904,111.7775963
7905,91.10133971
7906,117.4437055
7909,91.87227693
7910,102.6254955
7913,92.37621771
7918,111.6808933
7919,92.23704186
7923,92.75228898
7925,92.04699596
7927,91.94221063
7930,92.46989921
7932,91.94495259
7933,92.1196531
7935,92.91542758
7939,103.2145768
7942,91.92313154
7943,110.8949185
7945,103.5108422
7946,93.29850897
7948,92.19092196
7949,108.9533297
7950,92.46384831
7951,110.1687085
7955,102.33378
7959,91.17481861
7960,110.1687085
7961,91.27191447
7962,102.8844667
7964,103.1294558
7965,92.66623315
7966,111.7112038
7967,103.4180228
7968,92.66993511
7971,103.2872086
7974,92.23704186
7976,103.2393122
7978,110.9392802
7982,110.1687085
7983,91.87227693
7984,102.6930723
7986,92.50777243
7989,108.9533297
7991,110.5782386
7992,112.0044588
7993,92.07488075
7994,111.6186595
7995,92.47855294
7997,91.95950343
7998,102.6930723
7999,110.1807003
8002,92.19218935
8007,92.76750467
8009,91.61623374
8011,92.32263158
8013,92.51820097
8015,102.9219649
8017,111.3431988
8019,117.2804797
8023,92.12936425
8024,110.1987314
8026,110.8441587
8027,92.44335095
8029,91.52822663
8030,110.4005062
8031,92.30619471
8033,91.61788823
8035,92.01125021
8036,102.1060593
8039,103.2703166
8042,91.93369439
8044,92.19444574
8046,77.81463393
8048,110.3882404
8049,91.10133971
8050,103.3668459
8053,92.11181839
8054,91.75177156
8059,91.45436536
8061,92.34339323
8062,110.5936091
8064,110.9464784
8066,103.5125393
8067,91.55955444
8068,91.91182166
8070,92.73804895
8071,111.7412267
8072,92.9229653
8076,92.62832231
8080,92.24313312
8081,110.2252421
8084,104.2471647
8087,109.6667365
8089,91.6958252
8090,116.6322977
8091,103.3416419
8094,112.0888461
8100,92.36376775
8101,92.73694645
8110,91.09827019
8111,110.5782386
8112,92.86245253
8115,111.3407589
8116,92.00810111
8118,110.9464784
8121,117.2154326
8125,111.1298544
8127,111.1615
8128,92.81654529
8129,110.5171814
8131,92.52883081
8138,91.8100362
8139,102.5791566
8140,91.34153549
8141,91.81194917
8142,110.4433762
8143,109.9591786
8145,110.8441587
8146,92.5082115
8148,112.1075312
8153,111.4560219
8154,92.09080916
8155,109.8940521
8161,91.78038197
8162,110.978009
8163,92.77522497
8166,112.5681956
8168,112.579993
8170,93.81325404
8172,112.2298267
8173,93.9532385
8176,103.632717
8179,94.36245351
8181,95.11261005
8182,117.4726533
8184,112.5011812
8190,105.8785089
8191,94.62430725
8194,112.5426403
8196,112.7867923
8198,112.5353152
8199,112.0943384
8201,109.6602755
8202,92.82551706
8207,93.97472481
8208,109.2790551
8211,109.6007665
8214,109.3532855
8217,93.2489789
8218,109.5629597
8222,93.23988563
8229,104.4617414
8231,93.18253031
8233,94.1635483
8236,93.42702029
8238,109.6408289
8240,102.0070652
8243,104.5400535
8246,109.2500699
8250,93.1115525
8254,94.27608283
8256,79.84708463
8257,109.639216
8258,93.0219361
8260,93.25678411
8261,109.7158538
8263,115.3089371
8264,93.386885
8267,109.5103439
8268,92.62578586
8271,92.68037182
8272,109.2790551
8275,93.4390237
8276,94.58451959
8277,104.4210227
8278,117.899806
8279,92.65176763
8280,109.7834306
8281,93.55749525
8282,109.639216
8287,109.5084064
8288,92.70793356
8289,109.7277848
8294,93.05698092
8296,92.99783221
8299,109.7605136
8302,103.6534681
8308,109.5901175
8314,103.4873168
8315,94.0926878
8316,109.7735558
8317,93.30978219
8319,109.6012885
8320,92.84539251
8321,117.0689902
8323,93.33930321
8325,93.51714308
8326,109.460171
8328,109.2790551
8330,109.5352799
8331,93.15241315
8332,109.6123642
8334,93.37007481
8338,93.25392087
8339,93.41280322
8341,92.94320914
8345,109.2653079
8346,93.81319169
8347,103.5082323
8349,93.73575333
8351,93.25425085
8352,109.6145332
8353,109.2790551
8355,109.5270661
8358,109.0785268
8359,109.4408477
8360,93.08262088
8361,109.3116766
8363,103.6270306
8364,93.27098383
8365,93.92848578
8366,103.7552547
8370,109.6750039
8372,93.16222873
8376,94.43052655
8377,111.8721972
8379,109.5107434
8380,92.86463119
8381,109.6647915
8386,92.36839391
8388,104.644209
8389,93.10711051
8391,109.6115362
8394,94.27608283
8396,103.8268706
8398,104.1294213
8400,109.8798141
8401,93.05327448
8404,92.94320914
8407,94.80662237
8408,109.4874121
8409,109.3309998
8410,103.8205898
8411,94.84068375
8413,93.45901573
8414,109.3919388
8416,93.0158802
